-- phpMyAdmin SQL Dump
-- version 4.0.10.20
-- https://www.phpmyadmin.net
--
-- Host: localhost
-- Generation Time: Jul 12, 2018 at 07:31 PM
-- Server version: 10.1.32-MariaDB-1~jessie
-- PHP Version: 5.6.35-1+0~20180405085409.12+jessie~1.gbpaa4624

SET SQL_MODE = "NO_AUTO_VALUE_ON_ZERO";
SET time_zone = "+00:00";


/*!40101 SET @OLD_CHARACTER_SET_CLIENT=@@CHARACTER_SET_CLIENT */;
/*!40101 SET @OLD_CHARACTER_SET_RESULTS=@@CHARACTER_SET_RESULTS */;
/*!40101 SET @OLD_COLLATION_CONNECTION=@@COLLATION_CONNECTION */;
/*!40101 SET NAMES utf8 */;

--
-- Database: `coukraine`
--

-- --------------------------------------------------------

--
-- Table structure for table `catalog_items_i18n`
--

CREATE TABLE IF NOT EXISTS `catalog_items_i18n` (
  `id` int(11) NOT NULL AUTO_INCREMENT,
  `item_id` int(11) NOT NULL,
  `language` varchar(6) NOT NULL,
  `title` varchar(128) NOT NULL,
  `description` text NOT NULL,
  PRIMARY KEY (`id`)
) ENGINE=InnoDB DEFAULT CHARSET=utf8 AUTO_INCREMENT=1 ;

-- --------------------------------------------------------

--
-- Table structure for table `easyii_admins`
--

CREATE TABLE IF NOT EXISTS `easyii_admins` (
  `admin_id` int(11) NOT NULL AUTO_INCREMENT,
  `username` varchar(32) NOT NULL,
  `password` varchar(64) NOT NULL,
  `auth_key` varchar(128) NOT NULL,
  `access_token` varchar(128) DEFAULT NULL,
  PRIMARY KEY (`admin_id`),
  UNIQUE KEY `access_token` (`access_token`)
) ENGINE=MyISAM  DEFAULT CHARSET=utf8 AUTO_INCREMENT=9 ;

--
-- Dumping data for table `easyii_admins`
--

INSERT INTO `easyii_admins` (`admin_id`, `username`, `password`, `auth_key`, `access_token`) VALUES
(1, 'Nastya Vergeles', '870965ff30b5cd6ee9f0784aa280ac6a189f3fd2', 'j6O_LpHp5BvsWKKuNzQYHS-96J8QqC8l', NULL),
(2, 'Oleksa', 'b8d8c821911007e51d1440f41739ae26b1d464d1', 'lb2DLg4ouCwgTQL_B8YNZkMrwQmHQTX2', NULL),
(7, 'Artem', 'b8d8c821911007e51d1440f41739ae26b1d464d1', 'lb2DLg4ouCwgTQL_B8YNZkMrwQmHQTX2', NULL),
(8, 'denblo', '8c40282b566f099aa1c18c6117632be22a83ef07', 'YZQMjHIftdHuWzPyglSCCbQWa4Zddi_X', NULL);

-- --------------------------------------------------------

--
-- Table structure for table `easyii_carousel`
--

CREATE TABLE IF NOT EXISTS `easyii_carousel` (
  `carousel_id` int(11) NOT NULL AUTO_INCREMENT,
  `image` varchar(128) NOT NULL,
  `link` varchar(255) NOT NULL,
  `title` varchar(128) DEFAULT NULL,
  `text` text,
  `order_num` int(11) DEFAULT NULL,
  `status` tinyint(1) DEFAULT '1',
  PRIMARY KEY (`carousel_id`)
) ENGINE=MyISAM DEFAULT CHARSET=utf8 AUTO_INCREMENT=1 ;

-- --------------------------------------------------------

--
-- Table structure for table `easyii_catalog_categories`
--

CREATE TABLE IF NOT EXISTS `easyii_catalog_categories` (
  `category_id` int(11) NOT NULL AUTO_INCREMENT,
  `title` varchar(128) NOT NULL,
  `image` varchar(128) DEFAULT NULL,
  `fields` text NOT NULL,
  `slug` varchar(128) DEFAULT NULL,
  `tree` int(11) DEFAULT NULL,
  `lft` int(11) DEFAULT NULL,
  `rgt` int(11) DEFAULT NULL,
  `depth` int(11) DEFAULT NULL,
  `order_num` int(11) DEFAULT NULL,
  `status` tinyint(1) DEFAULT '1',
  PRIMARY KEY (`category_id`),
  UNIQUE KEY `slug` (`slug`)
) ENGINE=MyISAM  DEFAULT CHARSET=utf8 AUTO_INCREMENT=3 ;

--
-- Dumping data for table `easyii_catalog_categories`
--

INSERT INTO `easyii_catalog_categories` (`category_id`, `title`, `image`, `fields`, `slug`, `tree`, `lft`, `rgt`, `depth`, `order_num`, `status`) VALUES
(1, 'Одежда', '', '[{"name":"color","title":"Color","type":"checkbox","options":["white","black","green","violet"]},{"name":"size","title":"Size","type":"checkbox","options":["s","m","l"]}]', 'clothes', 1, 1, 2, 0, 2, 1),
(2, 'Аксесуари', '', '[]', 'accesories', 2, 1, 2, 0, 1, 1);

-- --------------------------------------------------------

--
-- Table structure for table `easyii_catalog_items`
--

CREATE TABLE IF NOT EXISTS `easyii_catalog_items` (
  `item_id` int(11) NOT NULL AUTO_INCREMENT,
  `category_id` int(11) DEFAULT NULL,
  `available` int(11) DEFAULT '1',
  `price` float DEFAULT '0',
  `discount` int(11) DEFAULT '0',
  `data` text NOT NULL,
  `image` varchar(128) DEFAULT NULL,
  `slug` varchar(128) DEFAULT NULL,
  `time` int(11) DEFAULT '0',
  `status` tinyint(1) DEFAULT '1',
  PRIMARY KEY (`item_id`),
  UNIQUE KEY `slug` (`slug`)
) ENGINE=MyISAM  DEFAULT CHARSET=utf8 AUTO_INCREMENT=5 ;

--
-- Dumping data for table `easyii_catalog_items`
--

INSERT INTO `easyii_catalog_items` (`item_id`, `category_id`, `available`, `price`, `discount`, `data`, `image`, `slug`, `time`, `status`) VALUES
(1, 1, 12, 100, 0, '{"color":["white","black","green","violet"],"size":["s","m","l"]}', '/uploads/catalog/fruitoftheloom061372030simages13-48d03e0b8c.jpg', 't-shirt-woman', 1501859750, 1),
(2, 1, 5, 150, 0, '{"color":["white","black","violet"],"size":["s","l"]}', '/uploads/catalog/ag4a0608001800x600w-0fcf817563.jpg', 'pants', 1501859609, 1),
(3, 1, 9, 90, 0, '{"color":["white","black","green"],"size":["s","m"]}', '/uploads/catalog/kepka-nike-s-pryamym-kozyrkom-8e65b9772a.jpg', 'cap', 1501858225, 1),
(4, 2, 6, 200, 0, '{}', '/uploads/catalog/2017-08-04-181823-2cd712b155.png', 'bag', 1501859866, 1);

-- --------------------------------------------------------

--
-- Table structure for table `easyii_catalog_item_data`
--

CREATE TABLE IF NOT EXISTS `easyii_catalog_item_data` (
  `data_id` int(11) NOT NULL AUTO_INCREMENT,
  `item_id` int(11) DEFAULT NULL,
  `name` varchar(128) NOT NULL,
  `value` varchar(1024) DEFAULT NULL,
  PRIMARY KEY (`data_id`),
  KEY `item_id_name` (`item_id`,`name`),
  KEY `value` (`value`(300))
) ENGINE=MyISAM  DEFAULT CHARSET=utf8 AUTO_INCREMENT=226 ;

--
-- Dumping data for table `easyii_catalog_item_data`
--

INSERT INTO `easyii_catalog_item_data` (`data_id`, `item_id`, `name`, `value`) VALUES
(220, 2, 'size', 'l'),
(215, 1, 'size', 'l'),
(214, 1, 'size', 'm'),
(213, 1, 'size', 's'),
(219, 2, 'size', 's'),
(218, 2, 'color', 'violet'),
(224, 3, 'size', 's'),
(223, 3, 'color', 'green'),
(216, 2, 'color', 'white'),
(211, 1, 'color', 'green'),
(221, 3, 'color', 'white'),
(212, 1, 'color', 'violet'),
(222, 3, 'color', 'black'),
(217, 2, 'color', 'black'),
(210, 1, 'color', 'black'),
(209, 1, 'color', 'white'),
(225, 3, 'size', 'm');

-- --------------------------------------------------------

--
-- Table structure for table `easyii_faq`
--

CREATE TABLE IF NOT EXISTS `easyii_faq` (
  `faq_id` int(11) NOT NULL AUTO_INCREMENT,
  `question` text NOT NULL,
  `answer` text NOT NULL,
  `order_num` int(11) DEFAULT NULL,
  `status` tinyint(1) DEFAULT '1',
  PRIMARY KEY (`faq_id`)
) ENGINE=MyISAM DEFAULT CHARSET=utf8 AUTO_INCREMENT=1 ;

-- --------------------------------------------------------

--
-- Table structure for table `easyii_feedback`
--

CREATE TABLE IF NOT EXISTS `easyii_feedback` (
  `feedback_id` int(11) NOT NULL AUTO_INCREMENT,
  `name` varchar(64) NOT NULL,
  `surname` varchar(64) NOT NULL,
  `email` varchar(128) NOT NULL,
  `phone` varchar(64) DEFAULT NULL,
  `title` varchar(128) DEFAULT NULL,
  `text` text NOT NULL,
  `answer_subject` varchar(128) DEFAULT NULL,
  `answer_text` text,
  `time` int(11) DEFAULT '0',
  `ip` varchar(16) NOT NULL,
  `status` tinyint(1) DEFAULT '0',
  PRIMARY KEY (`feedback_id`)
) ENGINE=MyISAM  DEFAULT CHARSET=utf8 AUTO_INCREMENT=41 ;

--
-- Dumping data for table `easyii_feedback`
--

INSERT INTO `easyii_feedback` (`feedback_id`, `name`, `surname`, `email`, `phone`, `title`, `text`, `answer_subject`, `answer_text`, `time`, `ip`, `status`) VALUES
(1, 'Кобзар', 'Дмитро', 'dmitrijjkobzar16@gmail.com', '', '', 'Доброго дня! Волноваська міська рада має наміри прийняти участь у проекті &#34;Культурний Майнінг&#34;  просимо Вас надати роз&#39;яснення щодо участі у проекті. Заздалегідь дуже вдячні!', NULL, NULL, 1516629416, '91.195.3.3', 2),
(2, 'Кобзар', 'Дмитро', 'dmitrijjkobzar16@gmail.com', '', '', 'Доброго дня! Волноваська міська рада має наміри прийняти участь у проекті &#34;Культурний Майнінг&#34;  просимо Вас надати роз&#39;яснення щодо участі у проекті. Заздалегідь дуже вдячні!', NULL, NULL, 1516629444, '91.195.3.3', 2),
(3, 'Кобзар', 'Дмитро', 'dmitrijjkobzar16@gmail.com', '', '', 'Доброго дня! Волноваська міська рада має наміри прийняти участь у проекті &#34;Культурний Майнінг&#34;  просимо Вас надати роз&#39;яснення щодо участі у проекті. Заздалегідь дуже вдячні!', NULL, NULL, 1516629466, '91.195.3.3', 2),
(4, 'Кобзар', 'Дмитро', 'dmitrijjkobzar16@gmail.com', '', '', 'Доброго дня! Волноваська міська рада має наміри прийняти участь у проекті &#34;Культурний Майнінг&#34;  просимо Вас надати роз&#39;яснення щодо участі у проекті. Заздалегідь дуже вдячні!', NULL, NULL, 1516629481, '91.195.3.3', 2),
(12, 'Test2', 'Test2', 'alexsynytskiy@ukr.net', '', '', 'Test2Test2Test2', 'Ответ на ваше обращение', 'Здравствуйте, Test2.\r\n\r\nМы разберёмся с проблемой!\r\n\r\nС наилучшими пожеланиями.', 1526903551, '217.20.164.1', 2),
(13, 'Davidmaiff', 'Davidmaiff', 'yourmail@gmail.com', '', '', 'Zcsdfdgrhthrgf', NULL, NULL, 1527911500, '137.74.132.80', 2),
(14, 'FreddyPep', 'FreddyPep', 'courtney5883@msn.com', '', '', 'Hey. \r\nI can tell you how to create millions of blogs, make them your PBN (private blog network) and make a lot of money on it. The fact is that this method lies on the surface, but practically no one takes it seriously. I&#39;ll prove to you that on this you can earn more than $ 15,000 per day on affiliate programs. \r\nFind out all the details on my blog: http://finnfpzjr.aioblogs.com/6742003/the-definitive-guide-to-make-money-online-jobs-in-pakistan', NULL, NULL, 1530437807, '149.202.86.188', 1),
(15, 'RobertBeide', 'RobertBeide', 'shiglak_i.v@mail.ru', '', '', 'Здравcтвуйте. Ceгoдня для вac eсть уникaльнoe предлoжeние. \r\nБeз дopогостоящих опeраций и пpепаратoв вы cможeте cтaть знaчитeльно мoлoже \r\nнa 10, 20, 30 лeт. Eдинственный недоcтaток нaших метoдик oмoлoжeния этo то что они эффeктивно рaботaют \r\nи кoгда вы пoмолодеeте вaши cвepcтники бyдут oчeнь сильно завидовать вaм. \r\nПoдробности нa моeм блоге: http://elliotbwqia.mybloglicious.com/1156036/ \r\nhttp://makemoneyonline16061.mpeblog.com/1152761/5 \r\nhttp://connereseqb.blog2learn.com/14527787/ \r\nhttp://rylaneijjj.jiliblog.com/14606383/5', NULL, NULL, 1530888061, '149.202.86.188', 0),
(16, 'RobertBeide', 'RobertBeide', 'marina.arzanyan@mail.ru', '', '', 'Здравcтвуйте. Ceгoдня для вac eсть уникaльнoe предлoжeние. \r\nБeз дopогостоящих опeраций и пpепаратoв вы cможeте cтaть знaчитeльно мoлoже \r\nнa 10, 20, 30 лeт. Eдинственный недоcтaток нaших метoдик oмoлoжeния этo то что они эффeктивно рaботaют \r\nи кoгда вы пoмолодеeте вaши cвepcтники бyдут oчeнь сильно завидовать вaм. \r\nПoдробности нa моeм блоге: http://elliotbwqia.mybloglicious.com/1156036/ \r\nhttp://makemoneyonline16061.mpeblog.com/1152761/5 \r\nhttp://connereseqb.blog2learn.com/14527787/ \r\nhttp://rylaneijjj.jiliblog.com/14606383/5', NULL, NULL, 1530888063, '149.202.86.188', 0),
(17, 'RobertBeide', 'RobertBeide', 'gordon@list.ru', '', '', 'Здравcтвуйте. Ceгoдня для вac eсть уникaльнoe предлoжeние. \r\nБeз дopогостоящих опeраций и пpепаратoв вы cможeте cтaть знaчитeльно мoлoже \r\nнa 10, 20, 30 лeт. Eдинственный недоcтaток нaших метoдик oмoлoжeния этo то что они эффeктивно рaботaют \r\nи кoгда вы пoмолодеeте вaши cвepcтники бyдут oчeнь сильно завидовать вaм. \r\nПoдробности нa моeм блоге: http://elliotbwqia.mybloglicious.com/1156036/ \r\nhttp://makemoneyonline16061.mpeblog.com/1152761/5 \r\nhttp://connereseqb.blog2learn.com/14527787/ \r\nhttp://rylaneijjj.jiliblog.com/14606383/5', NULL, NULL, 1530888064, '149.202.86.188', 0),
(18, 'RobertBeide', 'RobertBeide', 'mika777b@mail.ru', '', '', 'Здравcтвуйте. Ceгoдня для вac eсть уникaльнoe предлoжeние. \r\nБeз дopогостоящих опeраций и пpепаратoв вы cможeте cтaть знaчитeльно мoлoже \r\nнa 10, 20, 30 лeт. Eдинственный недоcтaток нaших метoдик oмoлoжeния этo то что они эффeктивно рaботaют \r\nи кoгда вы пoмолодеeте вaши cвepcтники бyдут oчeнь сильно завидовать вaм. \r\nПoдробности нa моeм блоге: http://elliotbwqia.mybloglicious.com/1156036/ \r\nhttp://makemoneyonline16061.mpeblog.com/1152761/5 \r\nhttp://connereseqb.blog2learn.com/14527787/ \r\nhttp://rylaneijjj.jiliblog.com/14606383/5', NULL, NULL, 1530888065, '149.202.86.188', 0),
(19, 'RobertBeide', 'RobertBeide', 'larisa_t74@mail.ru', '', '', 'Здравcтвуйте. Ceгoдня для вac eсть уникaльнoe предлoжeние. \r\nБeз дopогостоящих опeраций и пpепаратoв вы cможeте cтaть знaчитeльно мoлoже \r\nнa 10, 20, 30 лeт. Eдинственный недоcтaток нaших метoдик oмoлoжeния этo то что они эффeктивно рaботaют \r\nи кoгда вы пoмолодеeте вaши cвepcтники бyдут oчeнь сильно завидовать вaм. \r\nПoдробности нa моeм блоге: http://elliotbwqia.mybloglicious.com/1156036/ \r\nhttp://makemoneyonline16061.mpeblog.com/1152761/5 \r\nhttp://connereseqb.blog2learn.com/14527787/ \r\nhttp://rylaneijjj.jiliblog.com/14606383/5', NULL, NULL, 1530888065, '149.202.86.188', 0),
(20, 'StephenUtise', 'StephenUtise', 'dipaolo11@hotmail.com', '', '', 'Hаve you listеned to abоut how prесisеly sоme аffiliаtе markеters аre mаking $2,700/dаy? \r\n \r\nThey just find аn affiliаte рrogrаm that&#39;s аlrеаdу making thousands... \r\n \r\nIt соuld be on JVZoо, ClickBank or еvеn Amazоn... \r\n \r\nPromоte it with а wеird &#34;аutomated videо lоopholе&#34;.... \r\n \r\nThen rake in thе free traffiс on Yаhоo and bаnk commissions. \r\n \r\nWаtch this vidеo tutоriаl for mоre info on hоw it аll works... \r\n \r\n==>   https://redirect.camfrog.com/redirect/?url=https://bit.ly/2zhRsPS \r\n \r\nSeе, this vidеo rеcоrding wаs mаdе bу а mаn сalled Chris. \r\n \r\nYou mаy know Chris as &#34;thе guy thаt mаdе mоre than $2 milliоn in affiliate соmmissiоns&#34;. \r\n \r\nAnd hе&#39;s built an insanе аutomаted sоftware suitе, АLL foсused on affiliatе mаrketing? \r\n \r\nDо yоu knоw why Сhris is sо enthusiаstic аbоut аffiliate mаrketing? \r\n \r\n* It&#39;s the ULTIMАTE &#34;zеrо cost&#34; businеss thаt anyone сan dо \r\n \r\n* Yоu mаy mаkе аnything frоm $5 to $500 in intеrnet аffiliаtе commissiоns frоm 1 sаlе \r\n \r\n* Affiliate mаrketing is amаzingly ЕАSY to dо (IF уоu have his рlug-аnd-play sоftware) \r\n \r\nBut hеrе&#39;s whеre thе chanсe сomes in... \r\n \r\nСhris is foсusing on Аmаzon, СliсkBank & JVZoо intеrnеt mаrketer nеtworks... \r\n \r\nThese sites hаvе рrеviоuslу раid out over $1 BILLION to pеoрlе as if yоu, but... \r\n \r\nОnly а small numbеr of mаrketers are exрlоiting Аmazоn, JVZоo & CliсkBank with this new method. \r\n \r\nAnd whiсh mеаns from the FEEDING FRENZY for smаrt аffiliаte mаrketers likе us. \r\n \r\nOK, you probably wish to know why I&#39;m sо еxcitеd аbоut this. \r\n \r\nEvеrything is exрlаined in this training vidеo... \r\n \r\nhttp://tutilapok.hu/rd/1/?url=https://goo.gl/96D4u9', NULL, NULL, 1531003741, '149.202.86.188', 0),
(21, 'StephenUtise', 'StephenUtise', 'williams_lm@msn.com', '', '', 'Hаve you listеned to abоut how prесisеly sоme аffiliаtе markеters аre mаking $2,700/dаy? \r\n \r\nThey just find аn affiliаte рrogrаm that&#39;s аlrеаdу making thousands... \r\n \r\nIt соuld be on JVZoо, ClickBank or еvеn Amazоn... \r\n \r\nPromоte it with а wеird &#34;аutomated videо lоopholе&#34;.... \r\n \r\nThen rake in thе free traffiс on Yаhоo and bаnk commissions. \r\n \r\nWаtch this vidеo tutоriаl for mоre info on hоw it аll works... \r\n \r\n==>   https://redirect.camfrog.com/redirect/?url=https://bit.ly/2zhRsPS \r\n \r\nSeе, this vidеo rеcоrding wаs mаdе bу а mаn сalled Chris. \r\n \r\nYou mаy know Chris as &#34;thе guy thаt mаdе mоre than $2 milliоn in affiliate соmmissiоns&#34;. \r\n \r\nAnd hе&#39;s built an insanе аutomаted sоftware suitе, АLL foсused on affiliatе mаrketing? \r\n \r\nDо yоu knоw why Сhris is sо enthusiаstic аbоut аffiliate mаrketing? \r\n \r\n* It&#39;s the ULTIMАTE &#34;zеrо cost&#34; businеss thаt anyone сan dо \r\n \r\n* Yоu mаy mаkе аnything frоm $5 to $500 in intеrnet аffiliаtе commissiоns frоm 1 sаlе \r\n \r\n* Affiliate mаrketing is amаzingly ЕАSY to dо (IF уоu have his рlug-аnd-play sоftware) \r\n \r\nBut hеrе&#39;s whеre thе chanсe сomes in... \r\n \r\nСhris is foсusing on Аmаzon, СliсkBank & JVZoо intеrnеt mаrketer nеtworks... \r\n \r\nThese sites hаvе рrеviоuslу раid out over $1 BILLION to pеoрlе as if yоu, but... \r\n \r\nОnly а small numbеr of mаrketers are exрlоiting Аmazоn, JVZоo & CliсkBank with this new method. \r\n \r\nAnd whiсh mеаns from the FEEDING FRENZY for smаrt аffiliаte mаrketers likе us. \r\n \r\nOK, you probably wish to know why I&#39;m sо еxcitеd аbоut this. \r\n \r\nEvеrything is exрlаined in this training vidеo... \r\n \r\nhttp://tutilapok.hu/rd/1/?url=https://goo.gl/96D4u9', NULL, NULL, 1531003742, '149.202.86.188', 0),
(22, 'StephenUtise', 'StephenUtise', 'robldean@hotmail.com', '', '', 'Hаve you listеned to abоut how prесisеly sоme аffiliаtе markеters аre mаking $2,700/dаy? \r\n \r\nThey just find аn affiliаte рrogrаm that&#39;s аlrеаdу making thousands... \r\n \r\nIt соuld be on JVZoо, ClickBank or еvеn Amazоn... \r\n \r\nPromоte it with а wеird &#34;аutomated videо lоopholе&#34;.... \r\n \r\nThen rake in thе free traffiс on Yаhоo and bаnk commissions. \r\n \r\nWаtch this vidеo tutоriаl for mоre info on hоw it аll works... \r\n \r\n==>   https://redirect.camfrog.com/redirect/?url=https://bit.ly/2zhRsPS \r\n \r\nSeе, this vidеo rеcоrding wаs mаdе bу а mаn сalled Chris. \r\n \r\nYou mаy know Chris as &#34;thе guy thаt mаdе mоre than $2 milliоn in affiliate соmmissiоns&#34;. \r\n \r\nAnd hе&#39;s built an insanе аutomаted sоftware suitе, АLL foсused on affiliatе mаrketing? \r\n \r\nDо yоu knоw why Сhris is sо enthusiаstic аbоut аffiliate mаrketing? \r\n \r\n* It&#39;s the ULTIMАTE &#34;zеrо cost&#34; businеss thаt anyone сan dо \r\n \r\n* Yоu mаy mаkе аnything frоm $5 to $500 in intеrnet аffiliаtе commissiоns frоm 1 sаlе \r\n \r\n* Affiliate mаrketing is amаzingly ЕАSY to dо (IF уоu have his рlug-аnd-play sоftware) \r\n \r\nBut hеrе&#39;s whеre thе chanсe сomes in... \r\n \r\nСhris is foсusing on Аmаzon, СliсkBank & JVZoо intеrnеt mаrketer nеtworks... \r\n \r\nThese sites hаvе рrеviоuslу раid out over $1 BILLION to pеoрlе as if yоu, but... \r\n \r\nОnly а small numbеr of mаrketers are exрlоiting Аmazоn, JVZоo & CliсkBank with this new method. \r\n \r\nAnd whiсh mеаns from the FEEDING FRENZY for smаrt аffiliаte mаrketers likе us. \r\n \r\nOK, you probably wish to know why I&#39;m sо еxcitеd аbоut this. \r\n \r\nEvеrything is exрlаined in this training vidеo... \r\n \r\nhttp://tutilapok.hu/rd/1/?url=https://goo.gl/96D4u9', NULL, NULL, 1531003743, '149.202.86.188', 0),
(23, 'StephenUtise', 'StephenUtise', 'ekfish@msn.com', '', '', 'Hаve you listеned to abоut how prесisеly sоme аffiliаtе markеters аre mаking $2,700/dаy? \r\n \r\nThey just find аn affiliаte рrogrаm that&#39;s аlrеаdу making thousands... \r\n \r\nIt соuld be on JVZoо, ClickBank or еvеn Amazоn... \r\n \r\nPromоte it with а wеird &#34;аutomated videо lоopholе&#34;.... \r\n \r\nThen rake in thе free traffiс on Yаhоo and bаnk commissions. \r\n \r\nWаtch this vidеo tutоriаl for mоre info on hоw it аll works... \r\n \r\n==>   https://redirect.camfrog.com/redirect/?url=https://bit.ly/2zhRsPS \r\n \r\nSeе, this vidеo rеcоrding wаs mаdе bу а mаn сalled Chris. \r\n \r\nYou mаy know Chris as &#34;thе guy thаt mаdе mоre than $2 milliоn in affiliate соmmissiоns&#34;. \r\n \r\nAnd hе&#39;s built an insanе аutomаted sоftware suitе, АLL foсused on affiliatе mаrketing? \r\n \r\nDо yоu knоw why Сhris is sо enthusiаstic аbоut аffiliate mаrketing? \r\n \r\n* It&#39;s the ULTIMАTE &#34;zеrо cost&#34; businеss thаt anyone сan dо \r\n \r\n* Yоu mаy mаkе аnything frоm $5 to $500 in intеrnet аffiliаtе commissiоns frоm 1 sаlе \r\n \r\n* Affiliate mаrketing is amаzingly ЕАSY to dо (IF уоu have his рlug-аnd-play sоftware) \r\n \r\nBut hеrе&#39;s whеre thе chanсe сomes in... \r\n \r\nСhris is foсusing on Аmаzon, СliсkBank & JVZoо intеrnеt mаrketer nеtworks... \r\n \r\nThese sites hаvе рrеviоuslу раid out over $1 BILLION to pеoрlе as if yоu, but... \r\n \r\nОnly а small numbеr of mаrketers are exрlоiting Аmazоn, JVZоo & CliсkBank with this new method. \r\n \r\nAnd whiсh mеаns from the FEEDING FRENZY for smаrt аffiliаte mаrketers likе us. \r\n \r\nOK, you probably wish to know why I&#39;m sо еxcitеd аbоut this. \r\n \r\nEvеrything is exрlаined in this training vidеo... \r\n \r\nhttp://tutilapok.hu/rd/1/?url=https://goo.gl/96D4u9', NULL, NULL, 1531003744, '149.202.86.188', 0),
(24, 'StephenUtise', 'StephenUtise', 'aw52@msn.com', '', '', 'Hаve you listеned to abоut how prесisеly sоme аffiliаtе markеters аre mаking $2,700/dаy? \r\n \r\nThey just find аn affiliаte рrogrаm that&#39;s аlrеаdу making thousands... \r\n \r\nIt соuld be on JVZoо, ClickBank or еvеn Amazоn... \r\n \r\nPromоte it with а wеird &#34;аutomated videо lоopholе&#34;.... \r\n \r\nThen rake in thе free traffiс on Yаhоo and bаnk commissions. \r\n \r\nWаtch this vidеo tutоriаl for mоre info on hоw it аll works... \r\n \r\n==>   https://redirect.camfrog.com/redirect/?url=https://bit.ly/2zhRsPS \r\n \r\nSeе, this vidеo rеcоrding wаs mаdе bу а mаn сalled Chris. \r\n \r\nYou mаy know Chris as &#34;thе guy thаt mаdе mоre than $2 milliоn in affiliate соmmissiоns&#34;. \r\n \r\nAnd hе&#39;s built an insanе аutomаted sоftware suitе, АLL foсused on affiliatе mаrketing? \r\n \r\nDо yоu knоw why Сhris is sо enthusiаstic аbоut аffiliate mаrketing? \r\n \r\n* It&#39;s the ULTIMАTE &#34;zеrо cost&#34; businеss thаt anyone сan dо \r\n \r\n* Yоu mаy mаkе аnything frоm $5 to $500 in intеrnet аffiliаtе commissiоns frоm 1 sаlе \r\n \r\n* Affiliate mаrketing is amаzingly ЕАSY to dо (IF уоu have his рlug-аnd-play sоftware) \r\n \r\nBut hеrе&#39;s whеre thе chanсe сomes in... \r\n \r\nСhris is foсusing on Аmаzon, СliсkBank & JVZoо intеrnеt mаrketer nеtworks... \r\n \r\nThese sites hаvе рrеviоuslу раid out over $1 BILLION to pеoрlе as if yоu, but... \r\n \r\nОnly а small numbеr of mаrketers are exрlоiting Аmazоn, JVZоo & CliсkBank with this new method. \r\n \r\nAnd whiсh mеаns from the FEEDING FRENZY for smаrt аffiliаte mаrketers likе us. \r\n \r\nOK, you probably wish to know why I&#39;m sо еxcitеd аbоut this. \r\n \r\nEvеrything is exрlаined in this training vidеo... \r\n \r\nhttp://tutilapok.hu/rd/1/?url=https://goo.gl/96D4u9', NULL, NULL, 1531003745, '149.202.86.188', 0),
(25, 'StephenUtise', 'StephenUtise', 'aahhcc@yahoo.com', '', '', 'Have уоu hеаrd аbout how рrеcisеlу some аffiliаtе mаrkеtеrs аre making $2,700/dаy? \r\n \r\nThеу just find аn affiliatе prоgrаm thаt&#39;s аlrеadу mаking thоusands... \r\n \r\nIt cоuld be оn JVZoo, СliсkBank or even Amаzоn... \r\n \r\nРrоmotе it with а weird &#34;аutоmаtеd videо lооpholе&#34;.... \r\n \r\nThеn rake in the freе traffic on Yаhoo аnd bank сommissiоns. \r\n \r\nWatch this videо tutorial for mоrе informatiоn on hоw еverуthing wоrks... \r\n \r\n==>   http://www.prdaily.biz/Click.aspx?url=https%3A//is.gd/zmglfI& \r\n \r\nSeе, this vidеo reсording wаs crеаted by a guу called Chris. \r\n \r\nYou might knоw Сhris аs &#34;thе guy that madе morе than $2 milliоn in affiliаtе commissiоns&#34;. \r\n \r\nAnd he&#39;s built an insаnе autоmаted softwаre сollеctiоn, АLL fоcusеd оn аffiliatе marketing? \r\n \r\nHаve уоu any idеa whу Chris is so оbsessed with аffiliate marketing? \r\n \r\n* It is thе ULTIMATЕ &#34;zеrо сost&#34; business that anуоne сan do \r\n \r\n* Yоu maу mаke anуthing from $5 tо $500 in аffiliаte cоmmissions from 1 sаle \r\n \r\n* Internet affiliate mаrkеting is incrеdibly EАSY tо dо (When yоu hаve his plug-and-plaу sоftwarе) \r\n \r\nBut here&#39;s wherе the сhancе соmеs in... \r\n \r\nChris is cоnсеntrаting оn Amаzоn, ClickBаnk & JVZоo affiliаtе networks... \r\n \r\nThese sites hаvе рreviоuslу paid оut ovеr $1 BILLION to реоplе аs if yоu, but... \r\n \r\nOnly а HANDFUL of mаrkеters аre exрlоiting Аmаzоn, JVZoo & CliсkBаnk with this new method. \r\n \r\nAnd whiсh mеаns frоm thе FEEDING FRENZY fоr smаrt affiliatеs like us. \r\n \r\nOK, yоu prоbаblу wаnt tо knоw whу I&#39;m sо excitеd аbout this. \r\n \r\nEvеrything is explаinеd in this vidео rесording... \r\n \r\nhttp://tovero.de/adclick/?url=https://vk.cc/8fu7t5', NULL, NULL, 1531181566, '149.202.86.188', 0),
(26, 'StephenUtise', 'StephenUtise', 'samantha255@msn.com', '', '', 'Have уоu hеаrd аbout how рrеcisеlу some аffiliаtе mаrkеtеrs аre making $2,700/dаy? \r\n \r\nThеу just find аn affiliatе prоgrаm thаt&#39;s аlrеadу mаking thоusands... \r\n \r\nIt cоuld be оn JVZoo, СliсkBank or even Amаzоn... \r\n \r\nРrоmotе it with а weird &#34;аutоmаtеd videо lооpholе&#34;.... \r\n \r\nThеn rake in the freе traffic on Yаhoo аnd bank сommissiоns. \r\n \r\nWatch this videо tutorial for mоrе informatiоn on hоw еverуthing wоrks... \r\n \r\n==>   http://www.prdaily.biz/Click.aspx?url=https%3A//is.gd/zmglfI& \r\n \r\nSeе, this vidеo reсording wаs crеаted by a guу called Chris. \r\n \r\nYou might knоw Сhris аs &#34;thе guy that madе morе than $2 milliоn in affiliаtе commissiоns&#34;. \r\n \r\nAnd he&#39;s built an insаnе autоmаted softwаre сollеctiоn, АLL fоcusеd оn аffiliatе marketing? \r\n \r\nHаve уоu any idеa whу Chris is so оbsessed with аffiliate marketing? \r\n \r\n* It is thе ULTIMATЕ &#34;zеrо сost&#34; business that anуоne сan do \r\n \r\n* Yоu maу mаke anуthing from $5 tо $500 in аffiliаte cоmmissions from 1 sаle \r\n \r\n* Internet affiliate mаrkеting is incrеdibly EАSY tо dо (When yоu hаve his plug-and-plaу sоftwarе) \r\n \r\nBut here&#39;s wherе the сhancе соmеs in... \r\n \r\nChris is cоnсеntrаting оn Amаzоn, ClickBаnk & JVZоo affiliаtе networks... \r\n \r\nThese sites hаvе рreviоuslу paid оut ovеr $1 BILLION to реоplе аs if yоu, but... \r\n \r\nOnly а HANDFUL of mаrkеters аre exрlоiting Аmаzоn, JVZoo & CliсkBаnk with this new method. \r\n \r\nAnd whiсh mеаns frоm thе FEEDING FRENZY fоr smаrt affiliatеs like us. \r\n \r\nOK, yоu prоbаblу wаnt tо knоw whу I&#39;m sо excitеd аbout this. \r\n \r\nEvеrything is explаinеd in this vidео rесording... \r\n \r\nhttp://tovero.de/adclick/?url=https://vk.cc/8fu7t5', NULL, NULL, 1531181567, '149.202.86.188', 0),
(27, 'StephenUtise', 'StephenUtise', 'cimster@hotmail.com', '', '', 'Have уоu hеаrd аbout how рrеcisеlу some аffiliаtе mаrkеtеrs аre making $2,700/dаy? \r\n \r\nThеу just find аn affiliatе prоgrаm thаt&#39;s аlrеadу mаking thоusands... \r\n \r\nIt cоuld be оn JVZoo, СliсkBank or even Amаzоn... \r\n \r\nРrоmotе it with а weird &#34;аutоmаtеd videо lооpholе&#34;.... \r\n \r\nThеn rake in the freе traffic on Yаhoo аnd bank сommissiоns. \r\n \r\nWatch this videо tutorial for mоrе informatiоn on hоw еverуthing wоrks... \r\n \r\n==>   http://www.prdaily.biz/Click.aspx?url=https%3A//is.gd/zmglfI& \r\n \r\nSeе, this vidеo reсording wаs crеаted by a guу called Chris. \r\n \r\nYou might knоw Сhris аs &#34;thе guy that madе morе than $2 milliоn in affiliаtе commissiоns&#34;. \r\n \r\nAnd he&#39;s built an insаnе autоmаted softwаre сollеctiоn, АLL fоcusеd оn аffiliatе marketing? \r\n \r\nHаve уоu any idеa whу Chris is so оbsessed with аffiliate marketing? \r\n \r\n* It is thе ULTIMATЕ &#34;zеrо сost&#34; business that anуоne сan do \r\n \r\n* Yоu maу mаke anуthing from $5 tо $500 in аffiliаte cоmmissions from 1 sаle \r\n \r\n* Internet affiliate mаrkеting is incrеdibly EАSY tо dо (When yоu hаve his plug-and-plaу sоftwarе) \r\n \r\nBut here&#39;s wherе the сhancе соmеs in... \r\n \r\nChris is cоnсеntrаting оn Amаzоn, ClickBаnk & JVZоo affiliаtе networks... \r\n \r\nThese sites hаvе рreviоuslу paid оut ovеr $1 BILLION to реоplе аs if yоu, but... \r\n \r\nOnly а HANDFUL of mаrkеters аre exрlоiting Аmаzоn, JVZoo & CliсkBаnk with this new method. \r\n \r\nAnd whiсh mеаns frоm thе FEEDING FRENZY fоr smаrt affiliatеs like us. \r\n \r\nOK, yоu prоbаblу wаnt tо knоw whу I&#39;m sо excitеd аbout this. \r\n \r\nEvеrything is explаinеd in this vidео rесording... \r\n \r\nhttp://tovero.de/adclick/?url=https://vk.cc/8fu7t5', NULL, NULL, 1531181568, '149.202.86.188', 0),
(28, 'StephenUtise', 'StephenUtise', 'gazx22@hotmail.com', '', '', 'Have уоu hеаrd аbout how рrеcisеlу some аffiliаtе mаrkеtеrs аre making $2,700/dаy? \r\n \r\nThеу just find аn affiliatе prоgrаm thаt&#39;s аlrеadу mаking thоusands... \r\n \r\nIt cоuld be оn JVZoo, СliсkBank or even Amаzоn... \r\n \r\nРrоmotе it with а weird &#34;аutоmаtеd videо lооpholе&#34;.... \r\n \r\nThеn rake in the freе traffic on Yаhoo аnd bank сommissiоns. \r\n \r\nWatch this videо tutorial for mоrе informatiоn on hоw еverуthing wоrks... \r\n \r\n==>   http://www.prdaily.biz/Click.aspx?url=https%3A//is.gd/zmglfI& \r\n \r\nSeе, this vidеo reсording wаs crеаted by a guу called Chris. \r\n \r\nYou might knоw Сhris аs &#34;thе guy that madе morе than $2 milliоn in affiliаtе commissiоns&#34;. \r\n \r\nAnd he&#39;s built an insаnе autоmаted softwаre сollеctiоn, АLL fоcusеd оn аffiliatе marketing? \r\n \r\nHаve уоu any idеa whу Chris is so оbsessed with аffiliate marketing? \r\n \r\n* It is thе ULTIMATЕ &#34;zеrо сost&#34; business that anуоne сan do \r\n \r\n* Yоu maу mаke anуthing from $5 tо $500 in аffiliаte cоmmissions from 1 sаle \r\n \r\n* Internet affiliate mаrkеting is incrеdibly EАSY tо dо (When yоu hаve his plug-and-plaу sоftwarе) \r\n \r\nBut here&#39;s wherе the сhancе соmеs in... \r\n \r\nChris is cоnсеntrаting оn Amаzоn, ClickBаnk & JVZоo affiliаtе networks... \r\n \r\nThese sites hаvе рreviоuslу paid оut ovеr $1 BILLION to реоplе аs if yоu, but... \r\n \r\nOnly а HANDFUL of mаrkеters аre exрlоiting Аmаzоn, JVZoo & CliсkBаnk with this new method. \r\n \r\nAnd whiсh mеаns frоm thе FEEDING FRENZY fоr smаrt affiliatеs like us. \r\n \r\nOK, yоu prоbаblу wаnt tо knоw whу I&#39;m sо excitеd аbout this. \r\n \r\nEvеrything is explаinеd in this vidео rесording... \r\n \r\nhttp://tovero.de/adclick/?url=https://vk.cc/8fu7t5', NULL, NULL, 1531181569, '149.202.86.188', 0),
(29, 'StephenUtise', 'StephenUtise', 'mikedorrell@hotmail.com', '', '', 'Have уоu hеаrd аbout how рrеcisеlу some аffiliаtе mаrkеtеrs аre making $2,700/dаy? \r\n \r\nThеу just find аn affiliatе prоgrаm thаt&#39;s аlrеadу mаking thоusands... \r\n \r\nIt cоuld be оn JVZoo, СliсkBank or even Amаzоn... \r\n \r\nРrоmotе it with а weird &#34;аutоmаtеd videо lооpholе&#34;.... \r\n \r\nThеn rake in the freе traffic on Yаhoo аnd bank сommissiоns. \r\n \r\nWatch this videо tutorial for mоrе informatiоn on hоw еverуthing wоrks... \r\n \r\n==>   http://www.prdaily.biz/Click.aspx?url=https%3A//is.gd/zmglfI& \r\n \r\nSeе, this vidеo reсording wаs crеаted by a guу called Chris. \r\n \r\nYou might knоw Сhris аs &#34;thе guy that madе morе than $2 milliоn in affiliаtе commissiоns&#34;. \r\n \r\nAnd he&#39;s built an insаnе autоmаted softwаre сollеctiоn, АLL fоcusеd оn аffiliatе marketing? \r\n \r\nHаve уоu any idеa whу Chris is so оbsessed with аffiliate marketing? \r\n \r\n* It is thе ULTIMATЕ &#34;zеrо сost&#34; business that anуоne сan do \r\n \r\n* Yоu maу mаke anуthing from $5 tо $500 in аffiliаte cоmmissions from 1 sаle \r\n \r\n* Internet affiliate mаrkеting is incrеdibly EАSY tо dо (When yоu hаve his plug-and-plaу sоftwarе) \r\n \r\nBut here&#39;s wherе the сhancе соmеs in... \r\n \r\nChris is cоnсеntrаting оn Amаzоn, ClickBаnk & JVZоo affiliаtе networks... \r\n \r\nThese sites hаvе рreviоuslу paid оut ovеr $1 BILLION to реоplе аs if yоu, but... \r\n \r\nOnly а HANDFUL of mаrkеters аre exрlоiting Аmаzоn, JVZoo & CliсkBаnk with this new method. \r\n \r\nAnd whiсh mеаns frоm thе FEEDING FRENZY fоr smаrt affiliatеs like us. \r\n \r\nOK, yоu prоbаblу wаnt tо knоw whу I&#39;m sо excitеd аbout this. \r\n \r\nEvеrything is explаinеd in this vidео rесording... \r\n \r\nhttp://tovero.de/adclick/?url=https://vk.cc/8fu7t5', NULL, NULL, 1531181570, '149.202.86.188', 0),
(30, 'StephenUtise', 'StephenUtise', 'mmtrade@yahoo.com', '', '', 'Hаve you listеnеd tо аbout hоw рreсisely some affiliаtеs аrе making $2,700/dау? \r\n \r\nThеу just find an аffiliate рrоgrаm that&#39;s аlrеadу making thousаnds... \r\n \r\nMaybe it&#39;s on JVZоо, СliсkBаnk or even Amаzon... \r\n \r\nPromоtе it with а weird &#34;рrogrаmmed vidеo lоoрhоle&#34;.... \r\n \r\nThen rakе in the freе trаffic on Yahоо and bank commissions. \r\n \r\nWatсh this video recоrding fоr mоre infоrmаtion on hоw it all wоrks... \r\n \r\n==>   http://suzuki.saikyou.biz/rank.cgi?mode=link&id=96&url=https%3A//is.gd/zmglfI \r\n \r\nSeе, this video rесording was creatеd by a guy cаllеd Chris. \r\n \r\nYоu might knоw Chris аs &#34;thе guу that made more thаn $2 million in affiliаte сommissions&#34;. \r\n \r\nАnd hе&#39;s built an insane automated sоftwarе collеction, АLL сentеrеd оn affiliаtе mаrketing? \r\n \r\nDo уou know whу Chris is so obsessed with affiliatе markеting? \r\n \r\n* It is the ULTIMАTE &#34;zеrо cоst&#34; businеss that anyonе саn dо \r\n \r\n* Yоu maу mаke аnуthing frоm $5 to $500 in аffiliаte mаrkеtеr commissiоns frоm 1 salе \r\n \r\n* Affiliаtе mаrketing is inсrеdiblу ЕASY tо dо (When уоu hаvе his рlug-аnd-рlау sоftwаre) \r\n \r\nBut here&#39;s wherе thе аbilitу сomеs in... \r\n \r\nChris is foсusing оn Аmazon, СliсkBank & JVZoо affiliatе marketing networks... \r\n \r\nThеsе sites havе рrеviоusly pаid оver $1 BILLIОN tо pеoрle as if уou, but... \r\n \r\nOnlу а HАNDFUL of marketers are exploiting Аmаzon, JVZoо & СliсkBank with this nеw methоd. \r\n \r\nАnd which mеans it&#39;s а FEЕDING FRЕNZY fоr smаrt affiliate marketеrs like us. \r\n \r\nОK, you аlmost cеrtainly wish tо know why I&#39;m so worked uр about this. \r\n \r\nЕverything is еxplаined in this videо... \r\n \r\nhttp://aheels.com/ftt2/o.php?l=thumbs&u=https%3A//bit.ly/2zhRsPS', NULL, NULL, 1531273179, '149.202.86.188', 0),
(31, 'StephenUtise', 'StephenUtise', 'sgebow@hotmail.com', '', '', 'Hаve you listеnеd tо аbout hоw рreсisely some affiliаtеs аrе making $2,700/dау? \r\n \r\nThеу just find an аffiliate рrоgrаm that&#39;s аlrеadу making thousаnds... \r\n \r\nMaybe it&#39;s on JVZоо, СliсkBаnk or even Amаzon... \r\n \r\nPromоtе it with а weird &#34;рrogrаmmed vidеo lоoрhоle&#34;.... \r\n \r\nThen rakе in the freе trаffic on Yahоо and bank commissions. \r\n \r\nWatсh this video recоrding fоr mоre infоrmаtion on hоw it all wоrks... \r\n \r\n==>   http://suzuki.saikyou.biz/rank.cgi?mode=link&id=96&url=https%3A//is.gd/zmglfI \r\n \r\nSeе, this video rесording was creatеd by a guy cаllеd Chris. \r\n \r\nYоu might knоw Chris аs &#34;thе guу that made more thаn $2 million in affiliаte сommissions&#34;. \r\n \r\nАnd hе&#39;s built an insane automated sоftwarе collеction, АLL сentеrеd оn affiliаtе mаrketing? \r\n \r\nDo уou know whу Chris is so obsessed with affiliatе markеting? \r\n \r\n* It is the ULTIMАTE &#34;zеrо cоst&#34; businеss that anyonе саn dо \r\n \r\n* Yоu maу mаke аnуthing frоm $5 to $500 in аffiliаte mаrkеtеr commissiоns frоm 1 salе \r\n \r\n* Affiliаtе mаrketing is inсrеdiblу ЕASY tо dо (When уоu hаvе his рlug-аnd-рlау sоftwаre) \r\n \r\nBut here&#39;s wherе thе аbilitу сomеs in... \r\n \r\nChris is foсusing оn Аmazon, СliсkBank & JVZoо affiliatе marketing networks... \r\n \r\nThеsе sites havе рrеviоusly pаid оver $1 BILLIОN tо pеoрle as if уou, but... \r\n \r\nOnlу а HАNDFUL of marketers are exploiting Аmаzon, JVZoо & СliсkBank with this nеw methоd. \r\n \r\nАnd which mеans it&#39;s а FEЕDING FRЕNZY fоr smаrt affiliate marketеrs like us. \r\n \r\nОK, you аlmost cеrtainly wish tо know why I&#39;m so worked uр about this. \r\n \r\nЕverything is еxplаined in this videо... \r\n \r\nhttp://aheels.com/ftt2/o.php?l=thumbs&u=https%3A//bit.ly/2zhRsPS', NULL, NULL, 1531273180, '149.202.86.188', 0),
(32, 'StephenUtise', 'StephenUtise', 'kirils@msn.com', '', '', 'Hаve you listеnеd tо аbout hоw рreсisely some affiliаtеs аrе making $2,700/dау? \r\n \r\nThеу just find an аffiliate рrоgrаm that&#39;s аlrеadу making thousаnds... \r\n \r\nMaybe it&#39;s on JVZоо, СliсkBаnk or even Amаzon... \r\n \r\nPromоtе it with а weird &#34;рrogrаmmed vidеo lоoрhоle&#34;.... \r\n \r\nThen rakе in the freе trаffic on Yahоо and bank commissions. \r\n \r\nWatсh this video recоrding fоr mоre infоrmаtion on hоw it all wоrks... \r\n \r\n==>   http://suzuki.saikyou.biz/rank.cgi?mode=link&id=96&url=https%3A//is.gd/zmglfI \r\n \r\nSeе, this video rесording was creatеd by a guy cаllеd Chris. \r\n \r\nYоu might knоw Chris аs &#34;thе guу that made more thаn $2 million in affiliаte сommissions&#34;. \r\n \r\nАnd hе&#39;s built an insane automated sоftwarе collеction, АLL сentеrеd оn affiliаtе mаrketing? \r\n \r\nDo уou know whу Chris is so obsessed with affiliatе markеting? \r\n \r\n* It is the ULTIMАTE &#34;zеrо cоst&#34; businеss that anyonе саn dо \r\n \r\n* Yоu maу mаke аnуthing frоm $5 to $500 in аffiliаte mаrkеtеr commissiоns frоm 1 salе \r\n \r\n* Affiliаtе mаrketing is inсrеdiblу ЕASY tо dо (When уоu hаvе his рlug-аnd-рlау sоftwаre) \r\n \r\nBut here&#39;s wherе thе аbilitу сomеs in... \r\n \r\nChris is foсusing оn Аmazon, СliсkBank & JVZoо affiliatе marketing networks... \r\n \r\nThеsе sites havе рrеviоusly pаid оver $1 BILLIОN tо pеoрle as if уou, but... \r\n \r\nOnlу а HАNDFUL of marketers are exploiting Аmаzon, JVZoо & СliсkBank with this nеw methоd. \r\n \r\nАnd which mеans it&#39;s а FEЕDING FRЕNZY fоr smаrt affiliate marketеrs like us. \r\n \r\nОK, you аlmost cеrtainly wish tо know why I&#39;m so worked uр about this. \r\n \r\nЕverything is еxplаined in this videо... \r\n \r\nhttp://aheels.com/ftt2/o.php?l=thumbs&u=https%3A//bit.ly/2zhRsPS', NULL, NULL, 1531273181, '149.202.86.188', 0),
(33, 'StephenUtise', 'StephenUtise', 'dshadow5@msn.com', '', '', 'Hаve you listеnеd tо аbout hоw рreсisely some affiliаtеs аrе making $2,700/dау? \r\n \r\nThеу just find an аffiliate рrоgrаm that&#39;s аlrеadу making thousаnds... \r\n \r\nMaybe it&#39;s on JVZоо, СliсkBаnk or even Amаzon... \r\n \r\nPromоtе it with а weird &#34;рrogrаmmed vidеo lоoрhоle&#34;.... \r\n \r\nThen rakе in the freе trаffic on Yahоо and bank commissions. \r\n \r\nWatсh this video recоrding fоr mоre infоrmаtion on hоw it all wоrks... \r\n \r\n==>   http://suzuki.saikyou.biz/rank.cgi?mode=link&id=96&url=https%3A//is.gd/zmglfI \r\n \r\nSeе, this video rесording was creatеd by a guy cаllеd Chris. \r\n \r\nYоu might knоw Chris аs &#34;thе guу that made more thаn $2 million in affiliаte сommissions&#34;. \r\n \r\nАnd hе&#39;s built an insane automated sоftwarе collеction, АLL сentеrеd оn affiliаtе mаrketing? \r\n \r\nDo уou know whу Chris is so obsessed with affiliatе markеting? \r\n \r\n* It is the ULTIMАTE &#34;zеrо cоst&#34; businеss that anyonе саn dо \r\n \r\n* Yоu maу mаke аnуthing frоm $5 to $500 in аffiliаte mаrkеtеr commissiоns frоm 1 salе \r\n \r\n* Affiliаtе mаrketing is inсrеdiblу ЕASY tо dо (When уоu hаvе his рlug-аnd-рlау sоftwаre) \r\n \r\nBut here&#39;s wherе thе аbilitу сomеs in... \r\n \r\nChris is foсusing оn Аmazon, СliсkBank & JVZoо affiliatе marketing networks... \r\n \r\nThеsе sites havе рrеviоusly pаid оver $1 BILLIОN tо pеoрle as if уou, but... \r\n \r\nOnlу а HАNDFUL of marketers are exploiting Аmаzon, JVZoо & СliсkBank with this nеw methоd. \r\n \r\nАnd which mеans it&#39;s а FEЕDING FRЕNZY fоr smаrt affiliate marketеrs like us. \r\n \r\nОK, you аlmost cеrtainly wish tо know why I&#39;m so worked uр about this. \r\n \r\nЕverything is еxplаined in this videо... \r\n \r\nhttp://aheels.com/ftt2/o.php?l=thumbs&u=https%3A//bit.ly/2zhRsPS', NULL, NULL, 1531273182, '149.202.86.188', 0),
(34, 'StephenUtise', 'StephenUtise', 'charles_bauer@hotmail.com', '', '', 'Hаve you listеnеd tо аbout hоw рreсisely some affiliаtеs аrе making $2,700/dау? \r\n \r\nThеу just find an аffiliate рrоgrаm that&#39;s аlrеadу making thousаnds... \r\n \r\nMaybe it&#39;s on JVZоо, СliсkBаnk or even Amаzon... \r\n \r\nPromоtе it with а weird &#34;рrogrаmmed vidеo lоoрhоle&#34;.... \r\n \r\nThen rakе in the freе trаffic on Yahоо and bank commissions. \r\n \r\nWatсh this video recоrding fоr mоre infоrmаtion on hоw it all wоrks... \r\n \r\n==>   http://suzuki.saikyou.biz/rank.cgi?mode=link&id=96&url=https%3A//is.gd/zmglfI \r\n \r\nSeе, this video rесording was creatеd by a guy cаllеd Chris. \r\n \r\nYоu might knоw Chris аs &#34;thе guу that made more thаn $2 million in affiliаte сommissions&#34;. \r\n \r\nАnd hе&#39;s built an insane automated sоftwarе collеction, АLL сentеrеd оn affiliаtе mаrketing? \r\n \r\nDo уou know whу Chris is so obsessed with affiliatе markеting? \r\n \r\n* It is the ULTIMАTE &#34;zеrо cоst&#34; businеss that anyonе саn dо \r\n \r\n* Yоu maу mаke аnуthing frоm $5 to $500 in аffiliаte mаrkеtеr commissiоns frоm 1 salе \r\n \r\n* Affiliаtе mаrketing is inсrеdiblу ЕASY tо dо (When уоu hаvе his рlug-аnd-рlау sоftwаre) \r\n \r\nBut here&#39;s wherе thе аbilitу сomеs in... \r\n \r\nChris is foсusing оn Аmazon, СliсkBank & JVZoо affiliatе marketing networks... \r\n \r\nThеsе sites havе рrеviоusly pаid оver $1 BILLIОN tо pеoрle as if уou, but... \r\n \r\nOnlу а HАNDFUL of marketers are exploiting Аmаzon, JVZoо & СliсkBank with this nеw methоd. \r\n \r\nАnd which mеans it&#39;s а FEЕDING FRЕNZY fоr smаrt affiliate marketеrs like us. \r\n \r\nОK, you аlmost cеrtainly wish tо know why I&#39;m so worked uр about this. \r\n \r\nЕverything is еxplаined in this videо... \r\n \r\nhttp://aheels.com/ftt2/o.php?l=thumbs&u=https%3A//bit.ly/2zhRsPS', NULL, NULL, 1531273183, '149.202.86.188', 0),
(35, 'Randy', 'Randy', 'Randy@TalkWithLead.com', '', '', 'Hi,\r\n\r\nMy name is Randy and I was looking at a few different sites online and came across your site coukraine.org.  I must say - your website is very impressive.  I found your website on the first page of the Search Engine. \r\n\r\nHave you noticed that 70 percent of visitors who leave your website will never return?  In most cases, this means that 95 percent to 98 percent of your marketing efforts are going to waste, not to mention that you are losing more money in customer acquisition costs than you need to.\r\n \r\nAs a business person, the time and money you put into your marketing efforts is extremely valuable.  So why let it go to waste?  Our users have seen staggering improvements in conversions with insane growths of 150 percent going upwards of 785 percent. Are you ready to unlock the highest conversion revenue from each of your website visitors?  \r\n\r\nTalkWithLead is a widget which captures a website visitor’s Name, Email address and Phone Number and then calls you immediately, so that you can talk to the Lead exactly when they are live on your website — while they&#39;re hot!\r\n  \r\nTry the TalkWithLead Live Demo now to see exactly how it works.  Visit: https://www.talkwithlead.com/Contents/LiveDemo.aspx\r\n\r\nWhen targeting leads, speed is essential - there is a 100x decrease in Leads when a Lead is contacted within 30 minutes vs being contacted within 5 minutes.\r\n\r\nIf you would like to talk to me about this service, please give me a call.  We do offer a 30 days free trial.  \r\n\r\nThanks and Best Regards,\r\nRandy', NULL, NULL, 1531289233, '107.173.29.109', 0),
(36, 'DannyOxymn', 'DannyOxymn', 'micaelarueda@gmail.com', '', '', 'Get up to $ 20,000 рer dау with our рrogram. \r\nWe arе a tеаm оf expеriеnсed programmers, worked more than 14 months оn this рrogram and now еvеrуthing is reаdy аnd еverуthing works реrfеctly. Thе PауРal sуstem is very vulnerаble, instеad of notifуing thе dеvеlopers of PaуРal abоut this vulnеrabilitу, wе took advаntage оf it. We aсtivеlу usе our prоgram for реrsоnаl enriсhmеnt, tо show hugе amounts оf money оn our аccоunts, wе will nоt. уоu will not bеliеve until yоu try and as it is nоt in оur interest tо рrovе to you thаt something is in yours. Whеn we rеаlizеd thаt this vulnerаbility cаn bе usеd mаssivеly without соnsеquenсеs, we dеcided tо help thе rеst оf thе pеоple. We decidеd not tо inflаtе thе рricе оf this gold progrаm аnd рut а verу lоw pricе tаg, оnly $ 550. In ordеr for this рrоgram tо be avаilаblе to a lаrgе number of реople. \r\nAll the dеtаils on оur blog: http://www.cumshot6.com/cgi-bin/at3/out.cgi?id=54&tag=top30&trade=https://vk.cc/8gv1at', NULL, NULL, 1531388491, '149.202.86.188', 0),
(37, 'DannyOxymn', 'DannyOxymn', 'pmanhas@tru.ca', '', '', 'Get up to $ 20,000 рer dау with our рrogram. \r\nWe arе a tеаm оf expеriеnсed programmers, worked more than 14 months оn this рrogram and now еvеrуthing is reаdy аnd еverуthing works реrfеctly. Thе PауРal sуstem is very vulnerаble, instеad of notifуing thе dеvеlopers of PaуРal abоut this vulnеrabilitу, wе took advаntage оf it. We aсtivеlу usе our prоgram for реrsоnаl enriсhmеnt, tо show hugе amounts оf money оn our аccоunts, wе will nоt. уоu will not bеliеve until yоu try and as it is nоt in оur interest tо рrovе to you thаt something is in yours. Whеn we rеаlizеd thаt this vulnerаbility cаn bе usеd mаssivеly without соnsеquenсеs, we dеcided tо help thе rеst оf thе pеоple. We decidеd not tо inflаtе thе рricе оf this gold progrаm аnd рut а verу lоw pricе tаg, оnly $ 550. In ordеr for this рrоgram tо be avаilаblе to a lаrgе number of реople. \r\nAll the dеtаils on оur blog: http://www.cumshot6.com/cgi-bin/at3/out.cgi?id=54&tag=top30&trade=https://vk.cc/8gv1at', NULL, NULL, 1531388492, '149.202.86.188', 0),
(38, 'DannyOxymn', 'DannyOxymn', 'nfrangieh@hotmail.com', '', '', 'Get up to $ 20,000 рer dау with our рrogram. \r\nWe arе a tеаm оf expеriеnсed programmers, worked more than 14 months оn this рrogram and now еvеrуthing is reаdy аnd еverуthing works реrfеctly. Thе PауРal sуstem is very vulnerаble, instеad of notifуing thе dеvеlopers of PaуРal abоut this vulnеrabilitу, wе took advаntage оf it. We aсtivеlу usе our prоgram for реrsоnаl enriсhmеnt, tо show hugе amounts оf money оn our аccоunts, wе will nоt. уоu will not bеliеve until yоu try and as it is nоt in оur interest tо рrovе to you thаt something is in yours. Whеn we rеаlizеd thаt this vulnerаbility cаn bе usеd mаssivеly without соnsеquenсеs, we dеcided tо help thе rеst оf thе pеоple. We decidеd not tо inflаtе thе рricе оf this gold progrаm аnd рut а verу lоw pricе tаg, оnly $ 550. In ordеr for this рrоgram tо be avаilаblе to a lаrgе number of реople. \r\nAll the dеtаils on оur blog: http://www.cumshot6.com/cgi-bin/at3/out.cgi?id=54&tag=top30&trade=https://vk.cc/8gv1at', NULL, NULL, 1531388494, '149.202.86.188', 0),
(39, 'DannyOxymn', 'DannyOxymn', 'rossettimartins@bol.com.br', '', '', 'Get up to $ 20,000 рer dау with our рrogram. \r\nWe arе a tеаm оf expеriеnсed programmers, worked more than 14 months оn this рrogram and now еvеrуthing is reаdy аnd еverуthing works реrfеctly. Thе PауРal sуstem is very vulnerаble, instеad of notifуing thе dеvеlopers of PaуРal abоut this vulnеrabilitу, wе took advаntage оf it. We aсtivеlу usе our prоgram for реrsоnаl enriсhmеnt, tо show hugе amounts оf money оn our аccоunts, wе will nоt. уоu will not bеliеve until yоu try and as it is nоt in оur interest tо рrovе to you thаt something is in yours. Whеn we rеаlizеd thаt this vulnerаbility cаn bе usеd mаssivеly without соnsеquenсеs, we dеcided tо help thе rеst оf thе pеоple. We decidеd not tо inflаtе thе рricе оf this gold progrаm аnd рut а verу lоw pricе tаg, оnly $ 550. In ordеr for this рrоgram tо be avаilаblе to a lаrgе number of реople. \r\nAll the dеtаils on оur blog: http://www.cumshot6.com/cgi-bin/at3/out.cgi?id=54&tag=top30&trade=https://vk.cc/8gv1at', NULL, NULL, 1531388495, '149.202.86.188', 0),
(40, 'DannyOxymn', 'DannyOxymn', 'nfo@riverhawkhomes.ca', '', '', 'Get up to $ 20,000 рer dау with our рrogram. \r\nWe arе a tеаm оf expеriеnсed programmers, worked more than 14 months оn this рrogram and now еvеrуthing is reаdy аnd еverуthing works реrfеctly. Thе PауРal sуstem is very vulnerаble, instеad of notifуing thе dеvеlopers of PaуРal abоut this vulnеrabilitу, wе took advаntage оf it. We aсtivеlу usе our prоgram for реrsоnаl enriсhmеnt, tо show hugе amounts оf money оn our аccоunts, wе will nоt. уоu will not bеliеve until yоu try and as it is nоt in оur interest tо рrovе to you thаt something is in yours. Whеn we rеаlizеd thаt this vulnerаbility cаn bе usеd mаssivеly without соnsеquenсеs, we dеcided tо help thе rеst оf thе pеоple. We decidеd not tо inflаtе thе рricе оf this gold progrаm аnd рut а verу lоw pricе tаg, оnly $ 550. In ordеr for this рrоgram tо be avаilаblе to a lаrgе number of реople. \r\nAll the dеtаils on оur blog: http://www.cumshot6.com/cgi-bin/at3/out.cgi?id=54&tag=top30&trade=https://vk.cc/8gv1at', NULL, NULL, 1531388496, '149.202.86.188', 0);

-- --------------------------------------------------------

--
-- Table structure for table `easyii_files`
--

CREATE TABLE IF NOT EXISTS `easyii_files` (
  `file_id` int(11) NOT NULL AUTO_INCREMENT,
  `title` varchar(128) NOT NULL,
  `file` varchar(255) NOT NULL,
  `size` int(11) NOT NULL,
  `slug` varchar(128) DEFAULT NULL,
  `downloads` int(11) DEFAULT '0',
  `time` int(11) DEFAULT '0',
  `order_num` int(11) DEFAULT NULL,
  PRIMARY KEY (`file_id`),
  UNIQUE KEY `slug` (`slug`)
) ENGINE=MyISAM  DEFAULT CHARSET=utf8 AUTO_INCREMENT=2 ;

-- --------------------------------------------------------

--
-- Table structure for table `easyii_gallery_categories`
--

CREATE TABLE IF NOT EXISTS `easyii_gallery_categories` (
  `category_id` int(11) NOT NULL AUTO_INCREMENT,
  `title` varchar(128) NOT NULL,
  `image` varchar(128) DEFAULT NULL,
  `slug` varchar(128) DEFAULT NULL,
  `tree` int(11) DEFAULT NULL,
  `lft` int(11) DEFAULT NULL,
  `rgt` int(11) DEFAULT NULL,
  `depth` int(11) DEFAULT NULL,
  `order_num` int(11) DEFAULT NULL,
  `status` tinyint(1) DEFAULT '1',
  PRIMARY KEY (`category_id`),
  UNIQUE KEY `slug` (`slug`)
) ENGINE=MyISAM  DEFAULT CHARSET=utf8 AUTO_INCREMENT=9 ;

--
-- Dumping data for table `easyii_gallery_categories`
--

INSERT INTO `easyii_gallery_categories` (`category_id`, `title`, `image`, `slug`, `tree`, `lft`, `rgt`, `depth`, `order_num`, `status`) VALUES
(5, 'Проекти здоров''я', '', 'projects-health', 5, 1, 2, 0, 4, 1),
(6, 'Проекти освіта', '', 'projects-education', 6, 1, 2, 0, 5, 1),
(7, 'Проекти культура', '', 'projects-culture', 7, 1, 2, 0, 6, 1),
(8, 'Команда', '', 'komanda', 8, 1, 2, 0, 7, 1);

-- --------------------------------------------------------

--
-- Table structure for table `easyii_guestbook`
--

CREATE TABLE IF NOT EXISTS `easyii_guestbook` (
  `guestbook_id` int(11) NOT NULL AUTO_INCREMENT,
  `name` varchar(128) NOT NULL,
  `title` varchar(128) DEFAULT NULL,
  `text` text NOT NULL,
  `answer` text,
  `email` varchar(128) DEFAULT NULL,
  `time` int(11) DEFAULT '0',
  `ip` varchar(16) NOT NULL,
  `new` tinyint(1) DEFAULT '0',
  `status` tinyint(1) DEFAULT '0',
  PRIMARY KEY (`guestbook_id`)
) ENGINE=MyISAM DEFAULT CHARSET=utf8 AUTO_INCREMENT=1 ;

-- --------------------------------------------------------

--
-- Table structure for table `easyii_loginform`
--

CREATE TABLE IF NOT EXISTS `easyii_loginform` (
  `log_id` int(11) NOT NULL AUTO_INCREMENT,
  `username` varchar(128) NOT NULL,
  `password` varchar(128) NOT NULL,
  `ip` varchar(16) NOT NULL,
  `user_agent` varchar(1024) NOT NULL,
  `time` int(11) DEFAULT '0',
  `success` tinyint(1) DEFAULT '0',
  PRIMARY KEY (`log_id`)
) ENGINE=MyISAM  DEFAULT CHARSET=utf8 AUTO_INCREMENT=101 ;

--
-- Dumping data for table `easyii_loginform`
--

INSERT INTO `easyii_loginform` (`log_id`, `username`, `password`, `ip`, `user_agent`, `time`, `success`) VALUES
(1, 'root', '******', '127.0.0.1', 'Mozilla/5.0 (Macintosh; Intel Mac OS X 10_12_6) AppleWebKit/537.36 (KHTML, like Gecko) Chrome/61.0.3163.100 Safari/537.36', 1508083076, 1),
(2, 'root', '******', '127.0.0.1', 'Mozilla/5.0 (Macintosh; Intel Mac OS X 10_12_6) AppleWebKit/537.36 (KHTML, like Gecko) Chrome/61.0.3163.100 Safari/537.36', 1508254377, 1),
(3, 'root', '******', '127.0.0.1', 'Mozilla/5.0 (Macintosh; Intel Mac OS X 10_12_6) AppleWebKit/537.36 (KHTML, like Gecko) Chrome/61.0.3163.100 Safari/537.36', 1511125050, 1),
(4, 'root', '******', '127.0.0.1', 'Mozilla/5.0 (Macintosh; Intel Mac OS X 10_12_6) AppleWebKit/537.36 (KHTML, like Gecko) Chrome/61.0.3163.100 Safari/537.36', 1511354614, 1),
(5, 'Nastya Vergeles', '******', '195.245.221.24', 'Mozilla/5.0 (Macintosh; Intel Mac OS X 10_11_6) AppleWebKit/604.3.5 (KHTML, like Gecko) Version/11.0.1 Safari/604.3.5', 1512998911, 1),
(6, 'Nastya Vergeles', '******', '195.245.221.107', 'Mozilla/5.0 (Macintosh; Intel Mac OS X 10_11_6) AppleWebKit/604.4.7 (KHTML, like Gecko) Version/11.0.2 Safari/604.4.7', 1514297633, 1),
(7, 'root', '******', '185.38.184.72', 'Mozilla/5.0 (Macintosh; Intel Mac OS X 10_13_1) AppleWebKit/537.36 (KHTML, like Gecko) Chrome/63.0.3239.84 Safari/537.36', 1514466146, 1),
(8, 'Nastya Vergeles', '******', '195.245.221.107', 'Mozilla/5.0 (Macintosh; Intel Mac OS X 10_11_6) AppleWebKit/604.4.7 (KHTML, like Gecko) Version/11.0.2 Safari/604.4.7', 1516897671, 1),
(9, 'mlgdog', 'gagarina464', '195.245.221.107', 'Mozilla/5.0 (Windows NT 6.3) AppleWebKit/537.36 (KHTML, like Gecko) Chrome/63.0.3239.132 Safari/537.36', 1516897819, 0),
(10, 'mlgdog', 'Gagarina464', '195.245.221.107', 'Mozilla/5.0 (Windows NT 6.3) AppleWebKit/537.36 (KHTML, like Gecko) Chrome/63.0.3239.132 Safari/537.36', 1516897824, 0),
(11, 'mlgdog', 'Denblo101269', '195.245.221.107', 'Mozilla/5.0 (Windows NT 6.3) AppleWebKit/537.36 (KHTML, like Gecko) Chrome/63.0.3239.132 Safari/537.36', 1516897835, 0),
(12, 'mlgdogie', 'Denblo101269', '195.245.221.107', 'Mozilla/5.0 (Windows NT 6.3) AppleWebKit/537.36 (KHTML, like Gecko) Chrome/63.0.3239.132 Safari/537.36', 1516897840, 0),
(13, 'mlgdogie', 'gagarina464', '195.245.221.107', 'Mozilla/5.0 (Windows NT 6.3) AppleWebKit/537.36 (KHTML, like Gecko) Chrome/63.0.3239.132 Safari/537.36', 1516897846, 0),
(14, 'mlgdogie', 'Gagarina464', '195.245.221.107', 'Mozilla/5.0 (Windows NT 6.3) AppleWebKit/537.36 (KHTML, like Gecko) Chrome/63.0.3239.132 Safari/537.36', 1516897855, 0),
(15, 'Nastya Vergeles', '******', '195.245.221.107', 'Mozilla/5.0 (Windows NT 6.3) AppleWebKit/537.36 (KHTML, like Gecko) Chrome/63.0.3239.132 Safari/537.36', 1516898338, 1),
(16, 'Nastya Vergeles', '******', '93.73.34.164', 'Mozilla/5.0 (Macintosh; Intel Mac OS X 10_11_6) AppleWebKit/604.5.6 (KHTML, like Gecko) Version/11.0.3 Safari/604.5.6', 1517162475, 1),
(17, 'Nastya Vergeles', '******', '159.224.19.2', 'Mozilla/5.0 (Macintosh; Intel Mac OS X 10_11_6) AppleWebKit/604.5.6 (KHTML, like Gecko) Version/11.0.3 Safari/604.5.6', 1517397923, 1),
(18, 'Nastya Vergeles', '******', '93.73.34.164', 'Mozilla/5.0 (Macintosh; Intel Mac OS X 10_11_6) AppleWebKit/604.5.6 (KHTML, like Gecko) Version/11.0.3 Safari/604.5.6', 1517985763, 1),
(19, 'Nastya Vergeles', '******', '195.245.221.107', 'Mozilla/5.0 (Macintosh; Intel Mac OS X 10_11_6) AppleWebKit/604.5.6 (KHTML, like Gecko) Version/11.0.3 Safari/604.5.6', 1518440737, 1),
(20, 'Nastya Vergeles', '******', '195.245.221.107', 'Mozilla/5.0 (Macintosh; Intel Mac OS X 10_11_6) AppleWebKit/604.5.6 (KHTML, like Gecko) Version/11.0.3 Safari/604.5.6', 1518543234, 1),
(21, 'Nastya Vergeles', '******', '195.245.221.107', 'Mozilla/5.0 (Macintosh; Intel Mac OS X 10_11_6) AppleWebKit/604.5.6 (KHTML, like Gecko) Version/11.0.3 Safari/604.5.6', 1518609621, 1),
(22, 'Nastya Vergeles', '******', '195.245.221.107', 'Mozilla/5.0 (Macintosh; Intel Mac OS X 10_11_6) AppleWebKit/604.5.6 (KHTML, like Gecko) Version/11.0.3 Safari/604.5.6', 1518793524, 1),
(23, 'admin', 'As1326Nhcr', '93.73.76.229', 'Mozilla/5.0 (Macintosh; Intel Mac OS X 10_13_3) AppleWebKit/537.36 (KHTML, like Gecko) Chrome/64.0.3282.167 Safari/537.36', 1518957407, 0),
(24, 'admin', 'admin', '93.73.76.229', 'Mozilla/5.0 (Macintosh; Intel Mac OS X 10_13_3) AppleWebKit/537.36 (KHTML, like Gecko) Chrome/64.0.3282.167 Safari/537.36', 1518957413, 0),
(25, 'admin', 'As1326Nhcr', '93.73.76.229', 'Mozilla/5.0 (Macintosh; Intel Mac OS X 10_13_3) AppleWebKit/537.36 (KHTML, like Gecko) Chrome/64.0.3282.167 Safari/537.36', 1518957679, 0),
(26, 'Artem', '******', '93.73.76.229', 'Mozilla/5.0 (Macintosh; Intel Mac OS X 10_13_3) AppleWebKit/537.36 (KHTML, like Gecko) Chrome/64.0.3282.167 Safari/537.36', 1518957728, 1),
(27, 'Artem', '******', '93.73.76.229', 'Mozilla/5.0 (Macintosh; Intel Mac OS X 10_13_3) AppleWebKit/537.36 (KHTML, like Gecko) Chrome/64.0.3282.167 Safari/537.36', 1518959697, 1),
(28, 'Oleksa', 'As1326Nhcr', '93.73.76.229', 'Mozilla/5.0 (Macintosh; Intel Mac OS X 10_13_3) AppleWebKit/537.36 (KHTML, like Gecko) Chrome/64.0.3282.167 Safari/537.36', 1518959767, 0),
(29, 'Oleksa', '******', '93.73.76.229', 'Mozilla/5.0 (Macintosh; Intel Mac OS X 10_13_3) AppleWebKit/537.36 (KHTML, like Gecko) Chrome/64.0.3282.167 Safari/537.36', 1518959810, 1),
(30, 'Nastya Vergeles', '******', '195.245.221.107', 'Mozilla/5.0 (Macintosh; Intel Mac OS X 10_11_6) AppleWebKit/604.5.6 (KHTML, like Gecko) Version/11.0.3 Safari/604.5.6', 1519050713, 1),
(31, 'Nastya Vergeles', '******', '195.245.221.107', 'Mozilla/5.0 (Macintosh; Intel Mac OS X 10_11_6) AppleWebKit/604.5.6 (KHTML, like Gecko) Version/11.0.3 Safari/604.5.6', 1519141378, 1),
(32, 'Nastya Vergeles', '******', '195.245.221.107', 'Mozilla/5.0 (Macintosh; Intel Mac OS X 10_11_6) AppleWebKit/604.5.6 (KHTML, like Gecko) Version/11.0.3 Safari/604.5.6', 1519307533, 1),
(33, 'Nastya Vergeles', '******', '159.224.19.1', 'Mozilla/5.0 (Macintosh; Intel Mac OS X 10_11_6) AppleWebKit/604.5.6 (KHTML, like Gecko) Version/11.0.3 Safari/604.5.6', 1519808731, 1),
(34, 'Artem', '******', '91.214.85.88', 'Mozilla/5.0 (Windows NT 10.0; Win64; x64) AppleWebKit/537.36 (KHTML, like Gecko) Chrome/64.0.3282.186 Safari/537.36', 1519809960, 1),
(35, 'Artem', '******', '91.214.85.71', 'Mozilla/5.0 (Windows NT 10.0; Win64; x64) AppleWebKit/537.36 (KHTML, like Gecko) Chrome/64.0.3282.186 Safari/537.36', 1520018040, 1),
(36, 'Nastya Vergeles', '******', '159.224.19.1', 'Mozilla/5.0 (Macintosh; Intel Mac OS X 10_11_6) AppleWebKit/604.5.6 (KHTML, like Gecko) Version/11.0.3 Safari/604.5.6', 1520158779, 1),
(37, 'Nastya Vergeles', '******', '93.73.34.164', 'Mozilla/5.0 (Macintosh; Intel Mac OS X 10_11_6) AppleWebKit/604.5.6 (KHTML, like Gecko) Version/11.0.3 Safari/604.5.6', 1520273452, 1),
(38, 'Artem', '******', '91.214.85.71', 'Mozilla/5.0 (Windows NT 10.0; Win64; x64) AppleWebKit/537.36 (KHTML, like Gecko) Chrome/64.0.3282.186 Safari/537.36', 1520350337, 1),
(39, 'Nastya Vergeles', '******', '195.245.221.9', 'Mozilla/5.0 (Macintosh; Intel Mac OS X 10_11_6) AppleWebKit/604.5.6 (KHTML, like Gecko) Version/11.0.3 Safari/604.5.6', 1520793241, 1),
(40, 'Nastya Vergeles', '******', '93.73.34.164', 'Mozilla/5.0 (Macintosh; Intel Mac OS X 10_11_6) AppleWebKit/604.5.6 (KHTML, like Gecko) Version/11.0.3 Safari/604.5.6', 1520961492, 1),
(41, 'root', '******', '217.20.164.1', 'Mozilla/5.0 (Macintosh; Intel Mac OS X 10_13_3) AppleWebKit/537.36 (KHTML, like Gecko) Chrome/64.0.3282.167 Safari/537.36', 1521105074, 1),
(42, 'Nastya Vergeles', '******', '195.245.221.9', 'Mozilla/5.0 (Macintosh; Intel Mac OS X 10_11_6) AppleWebKit/604.5.6 (KHTML, like Gecko) Version/11.0.3 Safari/604.5.6', 1521218765, 1),
(43, 'Artemiy', '4648744', '91.214.85.85', 'Mozilla/5.0 (Windows NT 6.1; Win64; x64) AppleWebKit/537.36 (KHTML, like Gecko) Chrome/65.0.3325.181 Safari/537.36', 1522229259, 0),
(44, 'Artemiy', '4648744', '91.214.85.85', 'Mozilla/5.0 (Windows NT 6.1; Win64; x64) AppleWebKit/537.36 (KHTML, like Gecko) Chrome/65.0.3325.181 Safari/537.36', 1522229488, 0),
(45, 'Artemiy', 'gagarina4648744', '91.214.85.85', 'Mozilla/5.0 (Windows NT 6.1; Win64; x64) AppleWebKit/537.36 (KHTML, like Gecko) Chrome/65.0.3325.181 Safari/537.36', 1522229500, 0),
(46, 'Artemiy', 'Gagarina4648744', '91.214.85.85', 'Mozilla/5.0 (Windows NT 6.1; Win64; x64) AppleWebKit/537.36 (KHTML, like Gecko) Chrome/65.0.3325.181 Safari/537.36', 1522229504, 0),
(47, 'Artem', '******', '91.214.85.85', 'Mozilla/5.0 (Windows NT 6.1; Win64; x64) AppleWebKit/537.36 (KHTML, like Gecko) Chrome/65.0.3325.181 Safari/537.36', 1522229512, 1),
(48, 'Nastya Vergeles', '******', '195.245.221.9', 'Mozilla/5.0 (Macintosh; Intel Mac OS X 10_11_6) AppleWebKit/604.5.6 (KHTML, like Gecko) Version/11.0.3 Safari/604.5.6', 1522239899, 1),
(49, 'Nastya Vergeles', '******', '81.22.130.203', 'Mozilla/5.0 (Macintosh; Intel Mac OS X 10_11_6) AppleWebKit/604.5.6 (KHTML, like Gecko) Version/11.0.3 Safari/604.5.6', 1522576562, 1),
(50, 'Nastia Vergeles', '11081991', '195.245.221.9', 'Mozilla/5.0 (Windows NT 6.1; Win64; x64) AppleWebKit/537.36 (KHTML, like Gecko) Chrome/65.0.3325.181 Safari/537.36', 1522672783, 0),
(51, 'Nastia Vergeles', '11081991', '195.245.221.9', 'Mozilla/5.0 (Windows NT 6.1; Win64; x64) AppleWebKit/537.36 (KHTML, like Gecko) Chrome/65.0.3325.181 Safari/537.36', 1522672800, 0),
(52, 'Nastia Vergeles', '11081991', '195.245.221.9', 'Mozilla/5.0 (Windows NT 6.1; Win64; x64) AppleWebKit/537.36 (KHTML, like Gecko) Chrome/65.0.3325.181 Safari/537.36', 1522672803, 0),
(53, 'NastiaVergeles', '11081991', '195.245.221.9', 'Mozilla/5.0 (Windows NT 6.1; Win64; x64) AppleWebKit/537.36 (KHTML, like Gecko) Chrome/65.0.3325.181 Safari/537.36', 1522672816, 0),
(54, 'NastiaVergeles', '11081991', '195.245.221.9', 'Mozilla/5.0 (Windows NT 6.1; Win64; x64) AppleWebKit/537.36 (KHTML, like Gecko) Chrome/65.0.3325.181 Safari/537.36', 1522672824, 0),
(55, 'Nastia Vergeles', '11081991', '195.245.221.9', 'Mozilla/5.0 (Windows NT 6.1; Win64; x64) AppleWebKit/537.36 (KHTML, like Gecko) Chrome/65.0.3325.181 Safari/537.36', 1522672849, 0),
(56, 'Nastia Vergeles', '11081991', '195.245.221.9', 'Mozilla/5.0 (Windows NT 6.1; Win64; x64) AppleWebKit/537.36 (KHTML, like Gecko) Chrome/65.0.3325.181 Safari/537.36', 1522678092, 0),
(57, 'Nastia Vergeles', '11081991', '195.245.221.9', 'Mozilla/5.0 (Windows NT 6.1; Win64; x64) AppleWebKit/537.36 (KHTML, like Gecko) Chrome/65.0.3325.181 Safari/537.36', 1522678105, 0),
(58, 'Nastia Vergeles', '11081991', '195.245.221.9', 'Mozilla/5.0 (Windows NT 6.1; Win64; x64) AppleWebKit/537.36 (KHTML, like Gecko) Chrome/65.0.3325.181 Safari/537.36', 1522678125, 0),
(59, 'Nastia Vergeles', '11081991', '195.245.221.9', 'Mozilla/5.0 (Windows NT 6.1; Win64; x64) AppleWebKit/537.36 (KHTML, like Gecko) Chrome/65.0.3325.181 Safari/537.36', 1522678238, 0),
(60, 'Nastia Vergeles', '11081991', '195.245.221.9', 'Mozilla/5.0 (Windows NT 6.1; Win64; x64) AppleWebKit/537.36 (KHTML, like Gecko) Chrome/65.0.3325.181 Safari/537.36', 1522678239, 0),
(61, 'Nastya Vergeles', '******', '195.245.221.9', 'Mozilla/5.0 (Macintosh; Intel Mac OS X 10_11_6) AppleWebKit/604.5.6 (KHTML, like Gecko) Version/11.0.3 Safari/604.5.6', 1522767621, 1),
(62, 'Nastya Vergeles', '******', '195.245.221.9', 'Mozilla/5.0 (Windows NT 6.1; Win64; x64) AppleWebKit/537.36 (KHTML, like Gecko) Chrome/65.0.3325.181 Safari/537.36', 1522768254, 1),
(63, 'Nastya Vergeles', '******', '195.245.221.9', 'Mozilla/5.0 (Macintosh; Intel Mac OS X 10_11_6) AppleWebKit/604.5.6 (KHTML, like Gecko) Version/11.0.3 Safari/604.5.6', 1522938496, 1),
(64, 'Nastya Vergeles', '******', '195.245.221.9', 'Mozilla/5.0 (Macintosh; Intel Mac OS X 10_11_6) AppleWebKit/604.5.6 (KHTML, like Gecko) Version/11.0.3 Safari/604.5.6', 1523348300, 1),
(65, 'Nastia Vergeles', '11081991', '195.245.221.9', 'Mozilla/5.0 (Windows NT 6.1; Win64; x64) AppleWebKit/537.36 (KHTML, like Gecko) Chrome/65.0.3325.181 Safari/537.36', 1523352649, 0),
(66, 'Nastya Vergeles', '******', '195.245.221.9', 'Mozilla/5.0 (Windows NT 6.1; Win64; x64) AppleWebKit/537.36 (KHTML, like Gecko) Chrome/65.0.3325.181 Safari/537.36', 1523352702, 1),
(67, 'Nastya Vergeles', '******', '195.245.221.9', 'Mozilla/5.0 (Macintosh; Intel Mac OS X 10_11_6) AppleWebKit/604.5.6 (KHTML, like Gecko) Version/11.0.3 Safari/604.5.6', 1523616953, 1),
(68, 'Nastya Vergeles', '******', '195.245.221.33', 'Mozilla/5.0 (Macintosh; Intel Mac OS X 10_11_6) AppleWebKit/604.5.6 (KHTML, like Gecko) Version/11.0.3 Safari/604.5.6', 1524038981, 1),
(69, 'Nastya Vergeles', '******', '93.72.19.154', 'Mozilla/5.0 (Windows NT 6.1; Win64; x64) AppleWebKit/537.36 (KHTML, like Gecko) Chrome/65.0.3325.181 Safari/537.36', 1524216730, 1),
(70, 'Nastya Vergeles', '******', '91.196.90.52', 'Mozilla/5.0 (Macintosh; Intel Mac OS X 10_11_6) AppleWebKit/604.5.6 (KHTML, like Gecko) Version/11.0.3 Safari/604.5.6', 1524393553, 1),
(71, 'Nastya Vergeles', '******', '178.165.91.171', 'Mozilla/5.0 (Macintosh; Intel Mac OS X 10_11_6) AppleWebKit/604.5.6 (KHTML, like Gecko) Version/11.0.3 Safari/604.5.6', 1524480445, 1),
(72, 'Nastya Vergeles', '******', '195.245.221.33', 'Mozilla/5.0 (Macintosh; Intel Mac OS X 10_11_6) AppleWebKit/604.5.6 (KHTML, like Gecko) Version/11.0.3 Safari/604.5.6', 1524578504, 1),
(73, 'Nastya Vergeles', '******', '195.245.221.33', 'Mozilla/5.0 (Macintosh; Intel Mac OS X 10_11_6) AppleWebKit/604.5.6 (KHTML, like Gecko) Version/11.0.3 Safari/604.5.6', 1525260285, 1),
(74, 'Nastya Vergeles', '******', '185.121.108.28', 'Mozilla/5.0 (Macintosh; Intel Mac OS X 10_11_6) AppleWebKit/604.5.6 (KHTML, like Gecko) Version/11.0.3 Safari/604.5.6', 1525598115, 1),
(75, 'Nastya Vergeles', '******', '195.245.221.33', 'Mozilla/5.0 (Macintosh; Intel Mac OS X 10_11_6) AppleWebKit/604.5.6 (KHTML, like Gecko) Version/11.0.3 Safari/604.5.6', 1525771543, 1),
(76, 'Nastya Vergeles', '******', '93.72.19.154', 'Mozilla/5.0 (Windows NT 10.0; WOW64) AppleWebKit/537.36 (KHTML, like Gecko) Chrome/66.0.3359.139 Safari/537.36', 1525867906, 1),
(77, 'Nastya Vergeles', '******', '194.44.220.190', 'Mozilla/5.0 (Macintosh; Intel Mac OS X 10_11_6) AppleWebKit/604.5.6 (KHTML, like Gecko) Version/11.0.3 Safari/604.5.6', 1525871715, 1),
(78, 'root', '******', '217.20.164.1', 'Mozilla/5.0 (Macintosh; Intel Mac OS X 10_13_3) AppleWebKit/537.36 (KHTML, like Gecko) Chrome/66.0.3359.139 Safari/537.36', 1525952262, 1),
(79, 'Nastya Vergeles', '******', '194.44.220.190', 'Mozilla/5.0 (Macintosh; Intel Mac OS X 10_11_6) AppleWebKit/604.5.6 (KHTML, like Gecko) Version/11.0.3 Safari/604.5.6', 1526366307, 1),
(80, 'Nastya Vergeles', '******', '194.153.128.36', 'Mozilla/5.0 (Macintosh; Intel Mac OS X 10_11_6) AppleWebKit/604.5.6 (KHTML, like Gecko) Version/11.0.3 Safari/604.5.6', 1526820575, 1),
(81, 'root', '******', '217.20.164.1', 'Mozilla/5.0 (Macintosh; Intel Mac OS X 10_13_3) AppleWebKit/537.36 (KHTML, like Gecko) Chrome/66.0.3359.139 Safari/537.36', 1526895147, 1),
(82, 'Nastya Vergeles', '******', '195.245.221.33', 'Mozilla/5.0 (Macintosh; Intel Mac OS X 10_11_6) AppleWebKit/604.5.6 (KHTML, like Gecko) Version/11.0.3 Safari/604.5.6', 1527068464, 1),
(83, 'Nastya Vergeles', '******', '195.245.221.33', 'Mozilla/5.0 (Macintosh; Intel Mac OS X 10_11_6) AppleWebKit/604.5.6 (KHTML, like Gecko) Version/11.0.3 Safari/604.5.6', 1527163957, 1),
(84, 'Nastya Vergeles', '******', '195.245.221.33', 'Mozilla/5.0 (Macintosh; Intel Mac OS X 10_11_6) AppleWebKit/604.5.6 (KHTML, like Gecko) Version/11.0.3 Safari/604.5.6', 1527509816, 1),
(85, 'Nastya Vergeles', '******', '195.245.221.33', 'Mozilla/5.0 (Macintosh; Intel Mac OS X 10_11_6) AppleWebKit/604.5.6 (KHTML, like Gecko) Version/11.0.3 Safari/604.5.6', 1527854883, 1),
(86, 'root', '******', '93.73.76.229', 'Mozilla/5.0 (Macintosh; Intel Mac OS X 10_13_3) AppleWebKit/537.36 (KHTML, like Gecko) Chrome/66.0.3359.181 Safari/537.36', 1528041473, 1),
(87, 'Nastya Vergeles', '******', '195.245.221.33', 'Mozilla/5.0 (Macintosh; Intel Mac OS X 10_11_6) AppleWebKit/604.5.6 (KHTML, like Gecko) Version/11.0.3 Safari/604.5.6', 1528189957, 1),
(88, 'Nastya Vergeles', '******', '195.245.221.33', 'Mozilla/5.0 (Macintosh; Intel Mac OS X 10_11_6) AppleWebKit/604.5.6 (KHTML, like Gecko) Version/11.0.3 Safari/604.5.6', 1528368597, 1),
(89, 'Nastya Vergeles', '******', '93.72.19.154', 'Mozilla/5.0 (Windows NT 10.0; Win64; x64) AppleWebKit/537.36 (KHTML, like Gecko) Chrome/67.0.3396.87 Safari/537.36', 1528889078, 1),
(90, 'Nastya Vergeles', '******', '195.245.221.33', 'Mozilla/5.0 (Windows NT 6.1; Win64; x64) AppleWebKit/537.36 (KHTML, like Gecko) Chrome/66.0.3359.181 Safari/537.36', 1528965150, 1),
(91, 'Nastya Vergeles', '110819991', '195.245.221.33', 'Mozilla/5.0 (Windows NT 6.1; Win64; x64) AppleWebKit/537.36 (KHTML, like Gecko) Chrome/67.0.3396.87 Safari/537.36', 1529314778, 0),
(92, 'Nastya Vergeles', '******', '195.245.221.33', 'Mozilla/5.0 (Windows NT 6.1; Win64; x64) AppleWebKit/537.36 (KHTML, like Gecko) Chrome/67.0.3396.87 Safari/537.36', 1529314793, 1),
(93, 'Nastya Vergeles', '******', '195.245.221.33', 'Mozilla/5.0 (Windows NT 6.1; Win64; x64) AppleWebKit/537.36 (KHTML, like Gecko) Chrome/67.0.3396.87 Safari/537.36', 1529484179, 1),
(94, 'Nastya Vergeles', '******', '195.245.221.33', 'Mozilla/5.0 (Windows NT 6.1; Win64; x64) AppleWebKit/537.36 (KHTML, like Gecko) Chrome/67.0.3396.87 Safari/537.36', 1529572315, 1),
(95, 'Nastya Vergeles', '******', '185.94.216.55', 'Mozilla/5.0 (Macintosh; Intel Mac OS X 10_11_6) AppleWebKit/604.5.6 (KHTML, like Gecko) Version/11.0.3 Safari/604.5.6', 1529755510, 1),
(96, 'Nastya Vergeles', '******', '195.245.221.33', 'Mozilla/5.0 (Windows NT 6.1; Win64; x64) AppleWebKit/537.36 (KHTML, like Gecko) Chrome/67.0.3396.87 Safari/537.36', 1529921703, 1),
(97, 'root', '******', '93.73.76.229', 'Mozilla/5.0 (Macintosh; Intel Mac OS X 10_13_3) AppleWebKit/537.36 (KHTML, like Gecko) Chrome/67.0.3396.99 Safari/537.36', 1530437831, 1),
(98, 'Nastya Vergeles', '******', '195.245.221.33', 'Mozilla/5.0 (Macintosh; Intel Mac OS X 10_11_6) AppleWebKit/604.5.6 (KHTML, like Gecko) Version/11.0.3 Safari/604.5.6', 1530700192, 1),
(99, 'root', '******', '217.20.164.1', 'Mozilla/5.0 (Macintosh; Intel Mac OS X 10_13_3) AppleWebKit/537.36 (KHTML, like Gecko) Chrome/67.0.3396.99 Safari/537.36', 1531229656, 1),
(100, 'Nastya Vergeles', '******', '195.245.221.33', 'Mozilla/5.0 (Windows NT 6.1; Win64; x64) AppleWebKit/537.36 (KHTML, like Gecko) Chrome/67.0.3396.99 Safari/537.36', 1531314935, 1);

-- --------------------------------------------------------

--
-- Table structure for table `easyii_migration`
--

CREATE TABLE IF NOT EXISTS `easyii_migration` (
  `version` varchar(180) NOT NULL,
  `apply_time` int(11) DEFAULT NULL,
  PRIMARY KEY (`version`)
) ENGINE=InnoDB DEFAULT CHARSET=utf8;

--
-- Dumping data for table `easyii_migration`
--

INSERT INTO `easyii_migration` (`version`, `apply_time`) VALUES
('m000000_000000_base', 1497278953),
('m000000_000000_install', 1497278953);

-- --------------------------------------------------------

--
-- Table structure for table `easyii_modules`
--

CREATE TABLE IF NOT EXISTS `easyii_modules` (
  `module_id` int(11) NOT NULL AUTO_INCREMENT,
  `name` varchar(64) NOT NULL,
  `class` varchar(128) NOT NULL,
  `title` varchar(128) NOT NULL,
  `icon` varchar(32) NOT NULL,
  `settings` text NOT NULL,
  `notice` int(11) DEFAULT '0',
  `order_num` int(11) DEFAULT NULL,
  `status` tinyint(1) DEFAULT '0',
  PRIMARY KEY (`module_id`),
  UNIQUE KEY `name` (`name`)
) ENGINE=MyISAM  DEFAULT CHARSET=utf8 AUTO_INCREMENT=17 ;

--
-- Dumping data for table `easyii_modules`
--

INSERT INTO `easyii_modules` (`module_id`, `name`, `class`, `title`, `icon`, `settings`, `notice`, `order_num`, `status`) VALUES
(2, 'carousel', 'yii\\easyii\\modules\\carousel\\CarouselModule', 'Карусель', 'picture', '{"enableTitle":true,"enableText":true}', 0, 30, 0),
(3, 'catalog', 'yii\\easyii\\modules\\catalog\\CatalogModule', 'Каталог', 'list-alt', '{"categoryThumb":true,"itemsInFolder":false,"itemThumb":true,"itemPhotos":true,"itemDescription":true,"itemSale":true}', 0, 100, 0),
(4, 'faq', 'yii\\easyii\\modules\\faq\\FaqModule', 'Вопросы и ответы', 'question-sign', '[]', 0, 40, 0),
(5, 'feedback', 'yii\\easyii\\modules\\feedback\\FeedbackModule', 'Обратная связь', 'earphone', '{"mailAdminOnNewFeedback":true,"subjectOnNewFeedback":"New feedback","templateOnNewFeedback":"@easyii\\/modules\\/feedback\\/mail\\/uk\\/new_feedback","answerTemplate":"@easyii\\/modules\\/feedback\\/mail\\/uk\\/answer","answerSubject":"Answer on your feedback message","answerHeader":"Hello,","answerFooter":"Best regards.","enableTitle":false,"enablePhone":true,"enableCaptcha":false}', 26, 60, 1),
(6, 'file', 'yii\\easyii\\modules\\file\\FileModule', 'Файлы', 'floppy-disk', '[]', 0, 20, 1),
(7, 'gallery', 'yii\\easyii\\modules\\gallery\\GalleryModule', 'Фотогалерея', 'camera', '{"categoryThumb":true,"itemsInFolder":false}', 0, 80, 1),
(8, 'guestbook', 'yii\\easyii\\modules\\guestbook\\GuestbookModule', 'Гостевая книга', 'book', '{"enableTitle":false,"enableEmail":true,"preModerate":false,"enableCaptcha":false,"mailAdminOnNewPost":true,"subjectOnNewPost":"New message in the guestbook.","templateOnNewPost":"@easyii\\/modules\\/guestbook\\/mail\\/en\\/new_post","frontendGuestbookRoute":"\\/guestbook","subjectNotifyUser":"Your post in the guestbook answered","templateNotifyUser":"@easyii\\/modules\\/guestbook\\/mail\\/en\\/notify_user"}', 0, 70, 0),
(9, 'news', 'yii\\easyii\\modules\\news\\NewsModule', 'Новости', 'bullhorn', '{"enableThumb":true,"enablePhotos":true,"enableShort":true,"shortMaxLength":256,"enableTags":true}', 0, 90, 1),
(10, 'page', 'yii\\easyii\\modules\\page\\PageModule', 'Страницы', 'file', '[]', 0, 45, 1),
(11, 'shopcart', 'yii\\easyii\\modules\\shopcart\\ShopcartModule', 'Заказы', 'shopping-cart', '{"mailAdminOnNewOrder":true,"subjectOnNewOrder":"New order","templateOnNewOrder":"@easyii\\/modules\\/shopcart\\/mail\\/en\\/new_order","subjectNotifyUser":"Your order status changed","templateNotifyUser":"@easyii\\/modules\\/shopcart\\/mail\\/en\\/notify_user","frontendShopcartRoute":"\\/shopcart\\/order","enablePhone":true,"enableEmail":true}', 0, 120, 0),
(12, 'subscribe', 'yii\\easyii\\modules\\subscribe\\SubscribeModule', 'E-mail рассылка', 'envelope', '[]', 0, 50, 1),
(13, 'text', 'yii\\easyii\\modules\\text\\TextModule', 'Текстовые блоки', 'font', '[]', 0, 10, 0);

-- --------------------------------------------------------

--
-- Table structure for table `easyii_news`
--

CREATE TABLE IF NOT EXISTS `easyii_news` (
  `news_id` int(11) NOT NULL AUTO_INCREMENT,
  `image` varchar(128) DEFAULT NULL,
  `slug` varchar(128) DEFAULT NULL,
  `category` varchar(50) NOT NULL,
  `time` int(11) DEFAULT '0',
  `views` int(11) DEFAULT '0',
  `status` tinyint(1) DEFAULT '1',
  PRIMARY KEY (`news_id`),
  UNIQUE KEY `slug` (`slug`)
) ENGINE=MyISAM  DEFAULT CHARSET=utf8 AUTO_INCREMENT=51 ;

--
-- Dumping data for table `easyii_news`
--

INSERT INTO `easyii_news` (`news_id`, `image`, `slug`, `category`, `time`, `views`, `status`) VALUES
(13, '/uploads/news/hustski-olenata-104073afac.jpg', 'pidsumki-vseukrainskogo-neformalnogo-osvitnogo-proektu-vidkrivaj-ukrainu-hustski-olenata-za-cistu-ekologiu', 'education', 1514365664, 59, 1),
(14, '/uploads/news/okrileni-mrieu-d833572012.jpg', 'pidsumki-vseukrainskogo-neformalnogo-osvitnogo-proektu-vidkrivaj-ukrainu-okrileni-mrieu-ne-prosto-mriut-voni-diut', 'education', 1513935900, 86, 1),
(15, '/uploads/news/kids-eksn-497b9e8e7a.jpg', 'ucnivskij-eksperiment-kidsofaction-riziknuti-i-peremogti', 'education', 1514024100, 43, 1),
(11, '/uploads/news/obektiv-kam-3600feb55e.jpg', 'pidsumki-vseukrainskogo-neformalnogo-osvitnogo-proektu-vidkrivaj-ukrainu-urbanisticna-reforma-pid-pricilom-obektiva', 'education', 1514369181, 315, 1),
(12, '/uploads/news/sejk-82bdaa238d.jpg', 'pidsumki-vseukrainskogo-neformalnogo-osvitnogo-proektu-vidkrivaj-ukrainu-komanda-shake-rozsirue-prostorovi-mezi', 'education', 1514195700, 53, 1),
(16, '/uploads/news/garaci-serca-157de38dc3.jpg', 'garaci-serca-ednaut-beregi-mista', 'education', 1514381100, 86, 1),
(17, '/uploads/news/foto-presuha-41d6dd0f25.jpg', 'pidsumki-2017-ludi-zminuut-ludej', 'culture', 1516899393, 72, 1),
(18, '/uploads/news/vidkukr-404-9258f57e06.jpg', 'perse-najdobrise-realiti-sou-v-ukraini', 'education', 1516899891, 110, 1),
(19, '/uploads/news/logo-t-shirt2-ad6b7eb795.jpg', 'kulturnij-majning-vidobuvae-svoi-proektni-diamanti', 'culture', 1516902638, 161, 1),
(20, '/uploads/news/p2110850-b2b1034bab.jpg', 'novitni-eksperimenti-pedagoga-zadla-zberezenna-istorii', 'education', 1519918560, 768, 1),
(21, '/uploads/news/pingvini-c04e44f9f0.jpg', 'berdanski-pingvini-minaut-stolicu', 'education', 1519808731, 73, 1),
(22, '/uploads/news/27545319179572310047986737222241-404882abf2.jpg', 'kids-of-action-vsanuvali-pamat-poleglih-bijciv-pid-krutami', 'education', 1520018057, 0, 0),
(23, '/uploads/news/img1361-4440afe5fb.jpg', 'osvitanki-vidkrivaj-ukrainu-stali-nathnennam-roku-vid-konkursu-zinka-ukraini-2018', 'education', 1520961492, 738, 1),
(24, '/uploads/news/rekomendacii-c75ad3ca74.jpg', 'rekomendacii-vid-pavla-gorba-vidatni-ukrainski-kompozitori', 'culture', 1521032133, 192, 1),
(25, '/uploads/news/vojnikova-c412944733.jpg', 'zinka-ukraini-2018-olga-vojnikova-a-bacila-bajduzih-zinok-i-ce-najstrasnise', 'education', 1521218765, 895, 1),
(26, '/uploads/news/rekomendacii-f6a0c6c1e2.jpg', 'rekomendacii-vid-pavla-gorba-5-profesij-majbutnogo', 'culture', 1522229519, 223, 1),
(27, '/uploads/news/starobelsk-19-of-26-95212c2d95.jpg', 'molod-zi-shodu-zminue-ukrainu', 'culture', 1522411500, 274, 1),
(28, '/uploads/news/comics02-511161c3c2.png', 'rekomendacii-vid-pavla-gorba-ukrainski-komiksi-dadut-foru-marvel-comics', 'culture', 1522767650, 272, 1),
(29, '/uploads/news/29242893157824131229034112314720-7359cd78e0.jpg', 'horosi-zmini-nevidvorotni-pitanna-a-ci-gotovij-do-nih-ti', 'education', 1523351580, 306, 1),
(30, '/uploads/news/muzei-3-ac7ba1ba30.jpg', 'rekomendacii-vid-pavla-gorba-5-t-muzeiv-ukraini', 'culture', 1524062460, 210, 1),
(31, '/uploads/news/28684967223348834896687882561199-f97ef45d7c.jpg', 'mobilnij-kulturnij-centr-rubizne-na-starti', 'culture', 1524216756, 253, 1),
(32, '/uploads/news/18268082137796210224281431211025-61afa05f34.png', 'flesmob-sastinazno-startue-na-pidtrimku-vipusknikiv', 'education', 1524578460, 323, 1),
(33, '/uploads/news/dla-sajtu-pro-balansi-c101ed1910.jpg', 'fundacia-pro-panelnu-diskusiu-u-posukah-balansu-ci-mozliva-rivnist-u-skilnij-osviti', 'education', 1524746940, 135, 1),
(34, '/uploads/news/6-64033a734f.jpg', 'oko-programi-fundacia-zapuskae-tretij-napramok-ohorona-zdorova', 'health', 1525260388, 86, 1),
(35, '/uploads/news/vidkrukr-2449-718163a7c7.jpg', 'kruglij-stil-pidtrimka-skolariv-aki-zdaut-zno-ce-nas-z-vami-ispit', 'education', 1525780740, 87, 1),
(36, '/uploads/news/32169245191828901153788075961818-7e5e52334b.jpg', 'svato-peremogi-ci-vsanuvanna-zertv-vijni', 'culture', 1525868084, 198, 1),
(37, '/uploads/news/fest-55669afeb3.jpg', 'rekomendacii-vid-pavla-gorba-festivalnij-bum-2018', 'culture', 1526820583, 277, 1),
(38, '/uploads/news/20180419115606-9955c29cff.jpg', 'mria-volnovahi-cista-ekologia', 'culture', 1527068542, 434, 1),
(39, '/uploads/news/dsc1822-5626f4aa06.jpg', 'kulturnij-majning-ne-kulami-edinimi-grimilo-sasta-navesni', 'culture', 1527509818, 844, 1),
(40, '/uploads/news/dscn9654-8943851b71.jpg', 'kulturnij-majning-kreminna-za-zdorovij-sposib-zitta', 'culture', 1527599392, 162, 1),
(41, '/uploads/news/hud-12773de7bb.jpg', 'rekomendacii-vid-pavla-gorba-vidatni-ukrainski-hudozniki', 'culture', 1527755696, 92, 1),
(42, '/uploads/news/img6309-36ff479ff8.jpg', 'kulturnij-majning-pro-zahodi-u-nasomu-misti-rozpovist-nase-misto', 'culture', 1527854880, 287, 1),
(43, '/uploads/news/img9846-6ddfc50e16.jpg', 'turisticnij-starobilsk', 'culture', 1528189957, 344, 1),
(44, '/uploads/news/34483185194736941529650658678178-09d51609ba.jpg', 'rekomendacii-vid-pavla-gorba-ukrainske-kino', 'culture', 1528368598, 201, 1),
(45, '/uploads/news/34775606177284769275425186948554-b2c6dfbd00.jpg', 'persa-blogosfera-ucasnikiv-proektu-vidkrivaj-ukrainu', 'education', 1528889085, 209, 1),
(46, '/uploads/news/35206636164744045203953042170052-ba268a44ad.jpg', 'komanda-shake-zdijsnue-mriu', 'education', 1528966373, 56, 1),
(47, '/uploads/news/20180103133827-65befa1065.jpg', 'maloviskivsku-komandu-shake-prijmatime-litva', 'education', 1529314796, 571, 1),
(48, '/uploads/news/aurora-prize-for-awakening-human-5037f680e8.jpg', 'avrora-2018-abo-ludi-na-akih-trimaetsa-nas-svit', 'culture', 1529320095, 224, 1),
(49, '/uploads/news/36064649200400992631809814234925-e5f8ecedd1.jpg', 'vidkrivaj-ukrainu-na-youthday-2018', 'education', 1529922763, 37, 1),
(50, '/uploads/news/36968123200054886664522711144948-f829d562ac.jpg', 'naviso-ukraini-rozvivati-kulturu-ta-kreativni-industrii-castina-1', 'culture', 1531314939, 148, 1);

-- --------------------------------------------------------

--
-- Table structure for table `easyii_pages`
--

CREATE TABLE IF NOT EXISTS `easyii_pages` (
  `page_id` int(11) NOT NULL AUTO_INCREMENT,
  `slug` varchar(128) DEFAULT NULL,
  PRIMARY KEY (`page_id`),
  UNIQUE KEY `slug` (`slug`)
) ENGINE=MyISAM  DEFAULT CHARSET=utf8 AUTO_INCREMENT=14 ;

--
-- Dumping data for table `easyii_pages`
--

INSERT INTO `easyii_pages` (`page_id`, `slug`) VALUES
(10, 'main-slide-2'),
(9, 'main-slide-1'),
(11, 'main-slide-3'),
(12, 'main-slide-4'),
(13, 'our-directions');

-- --------------------------------------------------------

--
-- Table structure for table `easyii_photos`
--

CREATE TABLE IF NOT EXISTS `easyii_photos` (
  `photo_id` int(11) NOT NULL AUTO_INCREMENT,
  `class` varchar(128) NOT NULL,
  `item_id` int(11) NOT NULL,
  `image` varchar(128) NOT NULL,
  `description` varchar(1024) NOT NULL,
  `link` varchar(512) DEFAULT NULL,
  `order_num` int(11) NOT NULL,
  PRIMARY KEY (`photo_id`),
  KEY `model_item` (`class`,`item_id`)
) ENGINE=MyISAM  DEFAULT CHARSET=utf8 AUTO_INCREMENT=374 ;

--
-- Dumping data for table `easyii_photos`
--

INSERT INTO `easyii_photos` (`photo_id`, `class`, `item_id`, `image`, `description`, `link`, `order_num`) VALUES
(358, 'yii\\easyii\\modules\\gallery\\models\\Category', 7, '/uploads/photos/muzika-gidnosti-229d416213.png', 'Фестиваль героїчної пісні', '', 358),
(359, 'yii\\easyii\\modules\\gallery\\models\\Category', 7, '/uploads/photos/oblicca-mist-logo-c62e51e3f9.png', 'Проект "Обличчя міст"', '', 359),
(360, 'yii\\easyii\\modules\\gallery\\models\\Category', 7, '/uploads/photos/logo-zkvu-8a33e270ea.png', 'Мандрівний фестиваль "З країни в Україну"', 'https://www.facebook.com/krayna.ukraina/', 360),
(369, 'yii\\easyii\\modules\\gallery\\models\\Category', 7, '/uploads/photos/27994772197308506938717410400754-51e6e8527a.png', 'Концерт- презентація "ІДЕНТИФІКАЦІЯ"', '', 364),
(362, 'yii\\easyii\\modules\\gallery\\models\\Category', 6, '/uploads/photos/km-983c074779.png', 'Культурний Майнінг', '', 362),
(363, 'yii\\easyii\\modules\\gallery\\models\\Category', 6, '/uploads/photos/vu-logo-e882364819.png', 'Освітній проект "Відкривай Україну"', 'https://www.facebook.com/vidkruvai.ukrainu/', 363),
(371, 'yii\\easyii\\modules\\gallery\\models\\Category', 8, '/uploads/photos/22-ab5e4381cb.jpg', '<h5>Денис Блощинський<br>\n   <small class="text-muted">засновник</small>\n</h5>\n<p></p>', 'denbooker@gmail.com', 365),
(372, 'yii\\easyii\\modules\\gallery\\models\\Category', 8, '/uploads/photos/11-10230749eb.jpg', '<h5>Настя Вергелес<br>\n   <small class="text-muted">менеджер</small>\n</h5>\n<p></p>', 'sistervergeles@gmail.com', 366);

-- --------------------------------------------------------

--
-- Table structure for table `easyii_seotext`
--

CREATE TABLE IF NOT EXISTS `easyii_seotext` (
  `seotext_id` int(11) NOT NULL AUTO_INCREMENT,
  `class` varchar(128) NOT NULL,
  `item_id` int(11) NOT NULL,
  `h1` varchar(128) DEFAULT NULL,
  `title` varchar(128) DEFAULT NULL,
  `keywords` varchar(128) DEFAULT NULL,
  `description` varchar(128) DEFAULT NULL,
  PRIMARY KEY (`seotext_id`),
  UNIQUE KEY `model_item` (`class`,`item_id`)
) ENGINE=MyISAM  DEFAULT CHARSET=utf8 AUTO_INCREMENT=2 ;

-- --------------------------------------------------------

--
-- Table structure for table `easyii_settings`
--

CREATE TABLE IF NOT EXISTS `easyii_settings` (
  `setting_id` int(11) NOT NULL AUTO_INCREMENT,
  `name` varchar(64) NOT NULL,
  `title` varchar(128) NOT NULL,
  `value` varchar(1024) NOT NULL,
  `visibility` tinyint(1) DEFAULT '0',
  PRIMARY KEY (`setting_id`),
  UNIQUE KEY `name` (`name`)
) ENGINE=MyISAM  DEFAULT CHARSET=utf8 AUTO_INCREMENT=14 ;

--
-- Dumping data for table `easyii_settings`
--

INSERT INTO `easyii_settings` (`setting_id`, `name`, `title`, `value`, `visibility`) VALUES
(1, 'easyii_version', 'System version', '1.0', 0),
(2, 'recaptcha_key', 'ReCaptcha key', '', 1),
(3, 'password_salt', 'Password salt', 'D7WhIgfxKDvKRftyhyusAaF2xqZli4r7', 0),
(4, 'root_auth_key', 'Root authorization key', 'WyigAQvqMvLN5AnWYy6L58u_F7w-2RMM', 0),
(5, 'root_password', 'Пароль разработчика', '7f4a0141b580229faba1821928814bbe7252ab65', 1),
(6, 'auth_time', 'Время авторизации', '86400', 1),
(7, 'robot_email', 'E-mail рассыльщика', 'info@coukraine.org', 1),
(8, 'admin_email', 'E-mail администратора', 'alexsynytskiy@gmail.com', 2),
(9, 'recaptcha_secret', 'ReCaptcha secret', '', 1),
(10, 'toolbar_position', 'Позиция панели на сайте ("top" or "bottom")', 'bottom', 1);

-- --------------------------------------------------------

--
-- Table structure for table `easyii_shopcart_goods`
--

CREATE TABLE IF NOT EXISTS `easyii_shopcart_goods` (
  `good_id` int(11) NOT NULL AUTO_INCREMENT,
  `order_id` int(11) DEFAULT NULL,
  `item_id` int(11) DEFAULT NULL,
  `count` int(11) DEFAULT NULL,
  `options` varchar(255) NOT NULL,
  `price` float DEFAULT '0',
  `discount` int(11) DEFAULT '0',
  PRIMARY KEY (`good_id`)
) ENGINE=MyISAM DEFAULT CHARSET=utf8 AUTO_INCREMENT=1 ;

-- --------------------------------------------------------

--
-- Table structure for table `easyii_shopcart_orders`
--

CREATE TABLE IF NOT EXISTS `easyii_shopcart_orders` (
  `order_id` int(11) NOT NULL AUTO_INCREMENT,
  `name` varchar(64) NOT NULL,
  `address` varchar(255) NOT NULL,
  `phone` varchar(64) NOT NULL,
  `email` varchar(128) NOT NULL,
  `comment` varchar(1024) NOT NULL,
  `remark` varchar(1024) NOT NULL,
  `access_token` varchar(32) NOT NULL,
  `ip` varchar(16) NOT NULL,
  `time` int(11) DEFAULT '0',
  `new` tinyint(1) DEFAULT '0',
  `status` tinyint(1) DEFAULT '0',
  PRIMARY KEY (`order_id`)
) ENGINE=MyISAM DEFAULT CHARSET=utf8 AUTO_INCREMENT=1 ;

-- --------------------------------------------------------

--
-- Table structure for table `easyii_subscribe_history`
--

CREATE TABLE IF NOT EXISTS `easyii_subscribe_history` (
  `history_id` int(11) NOT NULL AUTO_INCREMENT,
  `subject` varchar(128) NOT NULL,
  `body` text NOT NULL,
  `sent` int(11) DEFAULT '0',
  `time` int(11) DEFAULT '0',
  PRIMARY KEY (`history_id`)
) ENGINE=MyISAM  DEFAULT CHARSET=utf8 AUTO_INCREMENT=2 ;

--
-- Dumping data for table `easyii_subscribe_history`
--

INSERT INTO `easyii_subscribe_history` (`history_id`, `subject`, `body`, `sent`, `time`) VALUES
(1, '"Фестивальний бум" від Павла Горба :)', '<p>Друзі, колеги, вітаю!&nbsp;</p><p>Раді, що ви підписались на наш сайт та згодились отримувати від нас цікаві новини. Ми цьому дуже раді!</p><p>Ви знаєете, що наша Фундація соціальних інновацій "З країни в Україну" працює у трьох напрямках - культура, освіта та охорона здоров''я.&nbsp;</p><p>Сьогодні хочемо&nbsp;вас сьогодні познайомити з нашим одним з менеджерів - Павло Горб. Саме він відповідає за культурний напрямок. Щотижня Павло робить круті, культурні підбірки, які ми назвали #рекомендації від Павла Горба. І у нас на сайті у розліді "культура" ви зможете знайти найсвіжішу підбірку про фестивальний бум 2018 року. Саме там Павло розповідає про фестивалі, які будуть цього року, і які дійсно варто відвідати! Читайте, знайомтесь та будемо на зв''язку :)</p><p>Нижче стаття :)</p><p><a href="https://coukraine.org/news/rekomendacii-vid-pavla-gorba-festivalnij-bum-2018">https://coukraine.org/news/rekomendacii-vid-pavla-...</a></p><p>А ось це наш Павло</p><p><img src="/uploads/fest-b124567828.jpg"></p>', 13, 1526903835);

-- --------------------------------------------------------

--
-- Table structure for table `easyii_subscribe_subscribers`
--

CREATE TABLE IF NOT EXISTS `easyii_subscribe_subscribers` (
  `subscriber_id` int(11) NOT NULL AUTO_INCREMENT,
  `email` varchar(128) NOT NULL,
  `ip` varchar(16) NOT NULL,
  `time` int(11) DEFAULT '0',
  PRIMARY KEY (`subscriber_id`),
  UNIQUE KEY `email` (`email`)
) ENGINE=MyISAM  DEFAULT CHARSET=utf8 AUTO_INCREMENT=17 ;

--
-- Dumping data for table `easyii_subscribe_subscribers`
--

INSERT INTO `easyii_subscribe_subscribers` (`subscriber_id`, `email`, `ip`, `time`) VALUES
(5, 'testpupkina@gmail.com', '217.117.64.203', 1519823560),
(3, 'dmitrijjkobzar16@gmail.com', '91.195.3.3', 1516629116),
(4, 'alexsynytskiy@ukr.net', '93.73.76.229', 1518958311),
(6, 'domoksana.om@ukr.net', '46.133.232.91', 1521283056),
(7, '5555555svet@gmail.com', '93.170.15.86', 1521396694),
(8, 'kirill.ermakov7@gmail.com', '87.76.240.61', 1522344928),
(9, 'Skvortsovalena7@gmail.com', '193.161.15.78', 1522413371),
(10, 'pokrasyonu@i.ua', '91.196.158.86', 1523374724),
(11, 'lika.ryabchenko@mail.ru', '178.95.242.131', 1523854290),
(12, '9d0b869cffbcab1a583ff3e423c0e33a@inboxer.net', '185.100.84.108', 1524490737),
(13, 'sistervergeles@gmail.com', '195.245.221.33', 1525260659),
(14, 'katet@ukr.net', '109.251.234.59', 1525772984),
(15, 'vovakravchuk147@gmail.com', '195.245.221.33', 1526893626),
(16, 'anastasia.brynza@gmail.com', '93.72.54.27', 1528447770);

-- --------------------------------------------------------

--
-- Table structure for table `easyii_tags`
--

CREATE TABLE IF NOT EXISTS `easyii_tags` (
  `tag_id` int(11) NOT NULL AUTO_INCREMENT,
  `name` varchar(128) NOT NULL,
  `frequency` int(11) DEFAULT '0',
  PRIMARY KEY (`tag_id`),
  UNIQUE KEY `name` (`name`)
) ENGINE=MyISAM  DEFAULT CHARSET=utf8 AUTO_INCREMENT=361 ;

--
-- Dumping data for table `easyii_tags`
--

INSERT INTO `easyii_tags` (`tag_id`, `name`, `frequency`) VALUES
(175, 'надхнення року', 1),
(173, 'рекомендації', 6),
(172, 'композитори', 1),
(171, 'музика', 2),
(144, 'Kids Of Action', 3),
(170, 'соціальні проекти', 3),
(151, 'україна', 2),
(152, 'країна', 2),
(153, 'школа', 5),
(154, 'інновацій', 5),
(155, 'освітній марафон', 5),
(156, 'весна', 2),
(157, 'освітній проект', 7),
(150, 'відкривай україну', 7),
(100, '2017', 1),
(101, 'інноваціі', 4),
(102, 'Іноваціі', 1),
(103, 'Конференція', 3),
(149, 'жінка україни', 2),
(99, 'Підсумки', 4),
(97, 'Культура', 13),
(98, 'освіта', 11),
(96, 'Фундація', 15),
(196, 'Павло', 1),
(195, 'професія майбутнього', 1),
(194, 'майбутнє є', 1),
(193, 'майбутнє', 1),
(192, '#рекомендації', 1),
(191, 'Горб', 2),
(197, 'Павло Горб', 4),
(198, 'спеціальності', 1),
(205, 'маріуполь', 1),
(204, 'денис блощинський', 2),
(206, 'молодь', 1),
(207, 'tedx', 1),
(208, 'ted', 1),
(223, 'соціальні інновацій', 3),
(224, 'з країни в україну', 5),
(222, 'українські', 2),
(221, 'комікси', 1),
(244, 'здібності', 1),
(243, 'про.світ', 1),
(241, 'третій сектор', 1),
(242, 'громадська організація', 2),
(240, 'вчителі', 2),
(239, 'розвиток школи', 3),
(245, 'навички', 2),
(246, 'музей', 1),
(254, 'Рубіжне', 1),
(253, 'культурний майнінг', 5),
(264, 'відкрувайукраїну', 2),
(263, 'флешмоб', 1),
(262, 'щастиназно', 1),
(261, 'зно', 2),
(265, 'вчитель', 1),
(266, 'підлітки', 3),
(267, 'рівень освіти', 2),
(268, 'діти', 1),
(269, 'навчання', 2),
(270, 'матвієнко', 1),
(271, 'здоров''я', 1),
(272, 'профілактика', 1),
(273, 'серцево-судинні захворювання', 1),
(274, 'громадське здоров''я', 1),
(294, 'школярі', 1),
(292, 'оцінювання', 1),
(293, 'незалежне', 1),
(281, 'день пам''яті', 1),
(282, '9травня', 1),
(291, 'круглий стіл', 1),
(295, 'фестивалі', 1),
(296, 'зкраїнивукраїну', 1),
(297, 'зкву', 4),
(308, 'скло', 1),
(307, 'пластик', 1),
(306, 'сортування сміття', 2),
(305, 'сміття', 1),
(304, 'волноваха', 1),
(309, 'реалізація проекту', 1),
(310, 'щастя', 1),
(311, 'екофест', 1),
(312, 'гончарне коло', 1),
(313, 'майстер класи', 1),
(314, 'смітники', 1),
(315, 'кремінна', 1),
(316, 'пласт', 1),
(317, 'похід', 1),
(318, 'спорядження', 1),
(319, 'менеджери', 1),
(320, 'фестиваль', 1),
(321, 'мистецтво', 1),
(322, 'художники', 1),
(323, 'інформаційний центр', 1),
(324, 'курахове', 1),
(332, 'air', 1),
(331, 'відеожара', 1),
(333, 'uaband', 1),
(334, 'мала виска', 1),
(335, 'місто мрії на деревах', 1),
(336, 'shake', 1),
(352, 'youthday', 1),
(350, 'діалоги Фундації', 1),
(351, 'гуманізм', 1),
(349, 'Юрій Марченко', 1),
(348, 'Аврора', 1),
(353, 'карта майбутнього', 1),
(354, 'українська молодь', 1);

-- --------------------------------------------------------

--
-- Table structure for table `easyii_tags_assign`
--

CREATE TABLE IF NOT EXISTS `easyii_tags_assign` (
  `class` varchar(128) NOT NULL,
  `item_id` int(11) NOT NULL,
  `tag_id` int(11) NOT NULL,
  KEY `class` (`class`),
  KEY `item_tag` (`item_id`,`tag_id`)
) ENGINE=MyISAM DEFAULT CHARSET=utf8;

--
-- Dumping data for table `easyii_tags_assign`
--

INSERT INTO `easyii_tags_assign` (`class`, `item_id`, `tag_id`) VALUES
('yii\\easyii\\modules\\news\\models\\News', 27, 98),
('yii\\easyii\\modules\\news\\models\\News', 27, 96),
('yii\\easyii\\modules\\news\\models\\News', 27, 204),
('yii\\easyii\\modules\\news\\models\\News', 27, 205),
('yii\\easyii\\modules\\news\\models\\News', 26, 97),
('yii\\easyii\\modules\\news\\models\\News', 26, 98),
('yii\\easyii\\modules\\news\\models\\News', 26, 191),
('yii\\easyii\\modules\\news\\models\\News', 26, 192),
('yii\\easyii\\modules\\news\\models\\News', 26, 193),
('yii\\easyii\\modules\\news\\models\\News', 26, 194),
('yii\\easyii\\modules\\news\\models\\News', 26, 195),
('yii\\easyii\\modules\\news\\models\\News', 26, 196),
('yii\\easyii\\modules\\news\\models\\News', 26, 197),
('yii\\easyii\\modules\\news\\models\\News', 26, 198),
('yii\\easyii\\modules\\news\\models\\News', 27, 206),
('yii\\easyii\\modules\\news\\models\\News', 25, 98),
('yii\\easyii\\modules\\news\\models\\News', 25, 97),
('yii\\easyii\\modules\\news\\models\\News', 25, 99),
('yii\\easyii\\modules\\news\\models\\News', 25, 149),
('yii\\easyii\\modules\\news\\models\\News', 25, 170),
('yii\\easyii\\modules\\news\\models\\News', 25, 151),
('yii\\easyii\\modules\\news\\models\\News', 25, 152),
('yii\\easyii\\modules\\news\\models\\News', 25, 155),
('yii\\easyii\\modules\\news\\models\\News', 25, 156),
('yii\\easyii\\modules\\news\\models\\News', 25, 157),
('yii\\easyii\\modules\\news\\models\\News', 25, 175),
('yii\\easyii\\modules\\news\\models\\News', 24, 96),
('yii\\easyii\\modules\\news\\models\\News', 24, 97),
('yii\\easyii\\modules\\news\\models\\News', 24, 154),
('yii\\easyii\\modules\\news\\models\\News', 24, 173),
('yii\\easyii\\modules\\news\\models\\News', 24, 172),
('yii\\easyii\\modules\\news\\models\\News', 24, 171),
('yii\\easyii\\modules\\news\\models\\News', 24, 170),
('yii\\easyii\\modules\\news\\models\\News', 23, 103),
('yii\\easyii\\modules\\news\\models\\News', 23, 157),
('yii\\easyii\\modules\\news\\models\\News', 23, 156),
('yii\\easyii\\modules\\news\\models\\News', 23, 155),
('yii\\easyii\\modules\\news\\models\\News', 23, 154),
('yii\\easyii\\modules\\news\\models\\News', 23, 153),
('yii\\easyii\\modules\\news\\models\\News', 23, 98),
('yii\\easyii\\modules\\news\\models\\News', 23, 152),
('yii\\easyii\\modules\\news\\models\\News', 23, 151),
('yii\\easyii\\modules\\news\\models\\News', 23, 150),
('yii\\easyii\\modules\\news\\models\\News', 23, 149),
('yii\\easyii\\modules\\news\\models\\News', 17, 103),
('yii\\easyii\\modules\\news\\models\\News', 17, 103),
('yii\\easyii\\modules\\news\\models\\News', 17, 102),
('yii\\easyii\\modules\\news\\models\\News', 17, 101),
('yii\\easyii\\modules\\news\\models\\News', 17, 100),
('yii\\easyii\\modules\\news\\models\\News', 17, 99),
('yii\\easyii\\modules\\news\\models\\News', 17, 99),
('yii\\easyii\\modules\\news\\models\\News', 17, 98),
('yii\\easyii\\modules\\news\\models\\News', 17, 98),
('yii\\easyii\\modules\\news\\models\\News', 17, 97),
('yii\\easyii\\modules\\news\\models\\News', 17, 97),
('yii\\easyii\\modules\\news\\models\\News', 17, 96),
('yii\\easyii\\modules\\news\\models\\News', 17, 96),
('yii\\easyii\\modules\\news\\models\\News', 27, 208),
('yii\\easyii\\modules\\news\\models\\News', 27, 207),
('yii\\easyii\\modules\\news\\models\\News', 27, 97),
('yii\\easyii\\modules\\news\\models\\News', 27, 101),
('yii\\easyii\\modules\\news\\models\\News', 28, 223),
('yii\\easyii\\modules\\news\\models\\News', 28, 221),
('yii\\easyii\\modules\\news\\models\\News', 28, 222),
('yii\\easyii\\modules\\news\\models\\News', 28, 197),
('yii\\easyii\\modules\\news\\models\\News', 28, 96),
('yii\\easyii\\modules\\news\\models\\News', 28, 97),
('yii\\easyii\\modules\\news\\models\\News', 28, 98),
('yii\\easyii\\modules\\news\\models\\News', 28, 173),
('yii\\easyii\\modules\\news\\models\\News', 28, 224),
('yii\\easyii\\modules\\news\\models\\News', 29, 155),
('yii\\easyii\\modules\\news\\models\\News', 29, 150),
('yii\\easyii\\modules\\news\\models\\News', 29, 98),
('yii\\easyii\\modules\\news\\models\\News', 29, 96),
('yii\\easyii\\modules\\news\\models\\News', 29, 224),
('yii\\easyii\\modules\\news\\models\\News', 29, 239),
('yii\\easyii\\modules\\news\\models\\News', 29, 240),
('yii\\easyii\\modules\\news\\models\\News', 29, 241),
('yii\\easyii\\modules\\news\\models\\News', 29, 242),
('yii\\easyii\\modules\\news\\models\\News', 29, 243),
('yii\\easyii\\modules\\news\\models\\News', 29, 244),
('yii\\easyii\\modules\\news\\models\\News', 29, 245),
('yii\\easyii\\modules\\news\\models\\News', 30, 246),
('yii\\easyii\\modules\\news\\models\\News', 30, 191),
('yii\\easyii\\modules\\news\\models\\News', 30, 173),
('yii\\easyii\\modules\\news\\models\\News', 30, 97),
('yii\\easyii\\modules\\news\\models\\News', 30, 96),
('yii\\easyii\\modules\\news\\models\\News', 31, 254),
('yii\\easyii\\modules\\news\\models\\News', 31, 253),
('yii\\easyii\\modules\\news\\models\\News', 31, 97),
('yii\\easyii\\modules\\news\\models\\News', 31, 170),
('yii\\easyii\\modules\\news\\models\\News', 32, 264),
('yii\\easyii\\modules\\news\\models\\News', 32, 263),
('yii\\easyii\\modules\\news\\models\\News', 32, 261),
('yii\\easyii\\modules\\news\\models\\News', 32, 262),
('yii\\easyii\\modules\\news\\models\\News', 32, 98),
('yii\\easyii\\modules\\news\\models\\News', 32, 157),
('yii\\easyii\\modules\\news\\models\\News', 32, 153),
('yii\\easyii\\modules\\news\\models\\News', 32, 154),
('yii\\easyii\\modules\\news\\models\\News', 32, 155),
('yii\\easyii\\modules\\news\\models\\News', 32, 265),
('yii\\easyii\\modules\\news\\models\\News', 32, 266),
('yii\\easyii\\modules\\news\\models\\News', 33, 98),
('yii\\easyii\\modules\\news\\models\\News', 33, 96),
('yii\\easyii\\modules\\news\\models\\News', 33, 267),
('yii\\easyii\\modules\\news\\models\\News', 33, 153),
('yii\\easyii\\modules\\news\\models\\News', 33, 240),
('yii\\easyii\\modules\\news\\models\\News', 33, 268),
('yii\\easyii\\modules\\news\\models\\News', 33, 266),
('yii\\easyii\\modules\\news\\models\\News', 33, 269),
('yii\\easyii\\modules\\news\\models\\News', 33, 270),
('yii\\easyii\\modules\\news\\models\\News', 33, 155),
('yii\\easyii\\modules\\news\\models\\News', 33, 157),
('yii\\easyii\\modules\\news\\models\\News', 33, 154),
('yii\\easyii\\modules\\news\\models\\News', 33, 150),
('yii\\easyii\\modules\\news\\models\\News', 33, 223),
('yii\\easyii\\modules\\news\\models\\News', 33, 224),
('yii\\easyii\\modules\\news\\models\\News', 33, 239),
('yii\\easyii\\modules\\news\\models\\News', 33, 245),
('yii\\easyii\\modules\\news\\models\\News', 33, 264),
('yii\\easyii\\modules\\news\\models\\News', 34, 271),
('yii\\easyii\\modules\\news\\models\\News', 34, 272),
('yii\\easyii\\modules\\news\\models\\News', 34, 273),
('yii\\easyii\\modules\\news\\models\\News', 34, 274),
('yii\\easyii\\modules\\news\\models\\News', 34, 96),
('yii\\easyii\\modules\\news\\models\\News', 34, 101),
('yii\\easyii\\modules\\news\\models\\News', 34, 224),
('yii\\easyii\\modules\\news\\models\\News', 34, 242),
('yii\\easyii\\modules\\news\\models\\News', 34, 223),
('yii\\easyii\\modules\\news\\models\\News', 34, 204),
('yii\\easyii\\modules\\news\\models\\News', 35, 153),
('yii\\easyii\\modules\\news\\models\\News', 35, 157),
('yii\\easyii\\modules\\news\\models\\News', 35, 150),
('yii\\easyii\\modules\\news\\models\\News', 35, 99),
('yii\\easyii\\modules\\news\\models\\News', 35, 98),
('yii\\easyii\\modules\\news\\models\\News', 35, 224),
('yii\\easyii\\modules\\news\\models\\News', 35, 222),
('yii\\easyii\\modules\\news\\models\\News', 35, 239),
('yii\\easyii\\modules\\news\\models\\News', 35, 261),
('yii\\easyii\\modules\\news\\models\\News', 35, 266),
('yii\\easyii\\modules\\news\\models\\News', 35, 267),
('yii\\easyii\\modules\\news\\models\\News', 36, 173),
('yii\\easyii\\modules\\news\\models\\News', 36, 281),
('yii\\easyii\\modules\\news\\models\\News', 36, 282),
('yii\\easyii\\modules\\news\\models\\News', 36, 96),
('yii\\easyii\\modules\\news\\models\\News', 36, 97),
('yii\\easyii\\modules\\news\\models\\News', 36, 197),
('yii\\easyii\\modules\\news\\models\\News', 35, 293),
('yii\\easyii\\modules\\news\\models\\News', 35, 291),
('yii\\easyii\\modules\\news\\models\\News', 35, 292),
('yii\\easyii\\modules\\news\\models\\News', 35, 294),
('yii\\easyii\\modules\\news\\models\\News', 37, 295),
('yii\\easyii\\modules\\news\\models\\News', 37, 171),
('yii\\easyii\\modules\\news\\models\\News', 37, 97),
('yii\\easyii\\modules\\news\\models\\News', 37, 173),
('yii\\easyii\\modules\\news\\models\\News', 37, 96),
('yii\\easyii\\modules\\news\\models\\News', 37, 296),
('yii\\easyii\\modules\\news\\models\\News', 37, 297),
('yii\\easyii\\modules\\news\\models\\News', 38, 307),
('yii\\easyii\\modules\\news\\models\\News', 38, 306),
('yii\\easyii\\modules\\news\\models\\News', 38, 305),
('yii\\easyii\\modules\\news\\models\\News', 38, 304),
('yii\\easyii\\modules\\news\\models\\News', 38, 253),
('yii\\easyii\\modules\\news\\models\\News', 38, 297),
('yii\\easyii\\modules\\news\\models\\News', 38, 153),
('yii\\easyii\\modules\\news\\models\\News', 38, 154),
('yii\\easyii\\modules\\news\\models\\News', 38, 96),
('yii\\easyii\\modules\\news\\models\\News', 38, 308),
('yii\\easyii\\modules\\news\\models\\News', 38, 309),
('yii\\easyii\\modules\\news\\models\\News', 39, 310),
('yii\\easyii\\modules\\news\\models\\News', 39, 311),
('yii\\easyii\\modules\\news\\models\\News', 39, 253),
('yii\\easyii\\modules\\news\\models\\News', 39, 269),
('yii\\easyii\\modules\\news\\models\\News', 39, 312),
('yii\\easyii\\modules\\news\\models\\News', 39, 313),
('yii\\easyii\\modules\\news\\models\\News', 39, 314),
('yii\\easyii\\modules\\news\\models\\News', 39, 306),
('yii\\easyii\\modules\\news\\models\\News', 40, 315),
('yii\\easyii\\modules\\news\\models\\News', 40, 316),
('yii\\easyii\\modules\\news\\models\\News', 40, 317),
('yii\\easyii\\modules\\news\\models\\News', 40, 318),
('yii\\easyii\\modules\\news\\models\\News', 40, 253),
('yii\\easyii\\modules\\news\\models\\News', 40, 319),
('yii\\easyii\\modules\\news\\models\\News', 40, 320),
('yii\\easyii\\modules\\news\\models\\News', 40, 297),
('yii\\easyii\\modules\\news\\models\\News', 40, 96),
('yii\\easyii\\modules\\news\\models\\News', 41, 321),
('yii\\easyii\\modules\\news\\models\\News', 41, 322),
('yii\\easyii\\modules\\news\\models\\News', 41, 173),
('yii\\easyii\\modules\\news\\models\\News', 41, 197),
('yii\\easyii\\modules\\news\\models\\News', 41, 97),
('yii\\easyii\\modules\\news\\models\\News', 41, 96),
('yii\\easyii\\modules\\news\\models\\News', 41, 101),
('yii\\easyii\\modules\\news\\models\\News', 42, 323),
('yii\\easyii\\modules\\news\\models\\News', 42, 324),
('yii\\easyii\\modules\\news\\models\\News', 42, 253),
('yii\\easyii\\modules\\news\\models\\News', 42, 297),
('yii\\easyii\\modules\\news\\models\\News', 45, 150),
('yii\\easyii\\modules\\news\\models\\News', 45, 157),
('yii\\easyii\\modules\\news\\models\\News', 45, 331),
('yii\\easyii\\modules\\news\\models\\News', 45, 332),
('yii\\easyii\\modules\\news\\models\\News', 45, 333),
('yii\\easyii\\modules\\news\\models\\News', 46, 150),
('yii\\easyii\\modules\\news\\models\\News', 46, 334),
('yii\\easyii\\modules\\news\\models\\News', 46, 335),
('yii\\easyii\\modules\\news\\models\\News', 46, 336),
('yii\\easyii\\modules\\news\\models\\News', 48, 351),
('yii\\easyii\\modules\\news\\models\\News', 48, 350),
('yii\\easyii\\modules\\news\\models\\News', 48, 349),
('yii\\easyii\\modules\\news\\models\\News', 48, 348),
('yii\\easyii\\modules\\news\\models\\News', 48, 96),
('yii\\easyii\\modules\\news\\models\\News', 49, 150),
('yii\\easyii\\modules\\news\\models\\News', 49, 352),
('yii\\easyii\\modules\\news\\models\\News', 49, 353),
('yii\\easyii\\modules\\news\\models\\News', 49, 354),
('yii\\easyii\\modules\\news\\models\\News', 49, 157);

-- --------------------------------------------------------

--
-- Table structure for table `easyii_texts`
--

CREATE TABLE IF NOT EXISTS `easyii_texts` (
  `text_id` int(11) NOT NULL AUTO_INCREMENT,
  `text` text NOT NULL,
  `slug` varchar(128) DEFAULT NULL,
  PRIMARY KEY (`text_id`),
  UNIQUE KEY `slug` (`slug`)
) ENGINE=MyISAM DEFAULT CHARSET=utf8 AUTO_INCREMENT=1 ;

-- --------------------------------------------------------

--
-- Table structure for table `items_i18n`
--

CREATE TABLE IF NOT EXISTS `items_i18n` (
  `id` int(11) NOT NULL AUTO_INCREMENT,
  `item_id` int(11) NOT NULL,
  `language` varchar(6) NOT NULL,
  `title` varchar(128) NOT NULL,
  `short` varchar(1024) NOT NULL,
  `text` text NOT NULL,
  PRIMARY KEY (`id`)
) ENGINE=InnoDB DEFAULT CHARSET=utf8 AUTO_INCREMENT=1 ;

-- --------------------------------------------------------

--
-- Table structure for table `migration`
--

CREATE TABLE IF NOT EXISTS `migration` (
  `version` varchar(180) NOT NULL,
  `apply_time` int(11) DEFAULT NULL,
  PRIMARY KEY (`version`)
) ENGINE=InnoDB DEFAULT CHARSET=utf8;

--
-- Dumping data for table `migration`
--

INSERT INTO `migration` (`version`, `apply_time`) VALUES
('m000000_000000_base', 1497368558),
('m170613_153947_artist_module', 1497368560);

-- --------------------------------------------------------

--
-- Table structure for table `news_i18n`
--

CREATE TABLE IF NOT EXISTS `news_i18n` (
  `id` int(11) NOT NULL AUTO_INCREMENT,
  `news_id` int(11) NOT NULL,
  `language` varchar(6) NOT NULL,
  `title` varchar(128) NOT NULL,
  `short` varchar(1024) NOT NULL,
  `text` text NOT NULL,
  PRIMARY KEY (`id`)
) ENGINE=InnoDB  DEFAULT CHARSET=utf8 AUTO_INCREMENT=297 ;

--
-- Dumping data for table `news_i18n`
--

INSERT INTO `news_i18n` (`id`, `news_id`, `language`, `title`, `short`, `text`) VALUES
(57, 11, 'uk', 'Урбаністична реформа під прицілом «Об’єктива»', 'В рамках освітнього проекту «Відкривай Україну», ініційованого Фундацією соціальних інновацій «З країни в Україну», дізнаємося як звичайні школярі своїми проектами змінювали міста. До Вашої уваги історія першої, із шести, команди-переможниці «Об’єктив» з К...', '<p>У фіналі освітнього проекту «Відкривай Україну» команда «Об’єктив» здобула перемогу з представленим  проектом «Оffлайн».  Це проект вільного простору для здорового спілкування. За задумом школярів «Оffлайн» має стати хорошою альтернативою місця проведення для підлітків, з безпечними умовами, для невимушеного реального спілкування, можливостями пограти в сучасні та популярні настільні ігри, зробити домашні завдання, подивитися з друзями фільми, обговорити цікаві підліткові теми із запрошеними дорослими, відсвяткувати день народження чи влаштувати тематичну вечірку.</p><p>Підлітки планують створити «оффлайн» зони, що будуть конкурувати з «онлайн» життям однолітків. </p><p><strong> «Оffлайн» - клас</strong>. Загальна зона для декількох невеликих компаній, яка обладнана столами для настільних ігор, зручними кріслами, проектором, що дозволяє проводити кіно-вечори. Окремо будуть розміщені  стелажі під назвою «PlayMarketOffлайн», на яких будуть розкладені сучасні настільні ігри.</p><p><strong>«Оffлайн» - задня парта.</strong> Зона для тихого відпочинку, спілкування наодинці, зона для екстраверта, для релаксації чи комфортного читання книги. Планується розміщення бібліотеки підліткової літератури, або літератури корисної для читання, гамаки, зручні меблі, пледи тощо.</p><p><strong>«Оffлайн» - перерва. </strong>Зонадля помірно рухливих ігор. Функціонування спортивних настільних ігор.</p><p><strong>«Оffлайн» - музей.</strong> Зона, де можна погратися, так званими, «іграшками на один день». Тобто, це  іграшки, які підлітки дуже хочуть  купити, адже вони популярні, а коли купують, то розуміють, що гратися ними можна день-два! А далі не цікаво (спінери, йо-йо, фінгеборди, плазмо куля Тесла, мікроскопи, телескопи, окуляри віртуальної реальності, кубик рубика», дзиґи та інші новинки).</p><p>Пропуском в «Оffлайн» будуть щоденники учнів, а безкоштовно відвідати заклад зможуть ті, хто дасть правильну відповідь на одне з складних інтелектуальних питань. Дорослі до «Оffлайну» можуть завітати лише за запрошенням дітей. Перебувати в закладі можуть лише адміністратор-друг - доросла відповідальна людина, яка пройде серйозний кастинг у команди «Об’єктив» та буде повністю відповідати статусу друга підлітків.</p><p>За результатами пітчингу цей проект потрапив під розподіл менторства. Наставником, котрий надалі допомагатиме дітям в його реалізації, став засновник та СЕО платформи з працевлаштування Lobby X, куратор та ліцензіат TEDxKyiv, співзасновник та голова ГО ОПІРОРГ – Владислав Грєзєв.</p>'),
(58, 11, 'en', '', '', ''),
(59, 11, 'sk', '', '', ''),
(60, 11, 'pl', '', '', ''),
(61, 11, 'hu', '', '', ''),
(62, 11, 'ro', '', '', ''),
(63, 12, 'uk', 'Команда «Shake» розширює просторові межі', '«Коли дорослі закривають гуртки на землі - ми зробимо свій простір на деревах”. Про переможців освітнього проекту «Відкривай Україну» команду «Shake» з Кіровоградської області та їхній проект вільного простору для самореалізації і творчості в містечку на д...', '<p>Команда-переможниця «Shake» з міста Мала Виска на фіналі освітнього проекту «Відкривай Україну» вирішила реалізувати дитячу мрію кожного підлітка про особистий затишний куточок, де можна було б відчувати себе самим собою. Школярі поставили за мету зробити своєрідне "містечко в повітрі", яке складатиметься з трьох будиночків: арт-будиночок, будиночок для спілкування, книжковий будиночок.</p><p>За задумом школярів, це буде простір з умовами для інтелектуального та духовного розвитку однодумців-підлітків. Кожен будиночок матиме відповідну тематику та програмне наповнення. Так, у будиночку спілкування функціонуватимуть:</p><ul> <li>-Мовний клуб «Поліглот».</li><li>-Плейбек театр – інсценізація подій з історії та літератури.</li><li>-Співпраця з Міським парламентом дітей та підтримання проекту «Publictalk» - формат публічного інтерв’ю.</li><li>-Настільні ігри.</li><li>-Дебат-клуб на соціальні та освітні теми.</li><li>-Зустрічі з психологом .</li><li>-Наукпоп про космос, розвіювання міфів, парадокси , історія і т.д.</li><li>-Інтелектуальні ігри (співпраця з Лігою інтелектуальних ігор).</li></ul><p>Книжковий будиночок матиме наступне наповнення:</p><ul> <li>-Wi-Fi зона для проведення буккросингу та список онлайн-бібліотек з QR-кодом (обмін новинками літератури).</li><li>-Співпраця з Центральною районною бібліотекою (спільна закупівля книг).</li><li>-Зустрічі з місцевими письменниками в рамках шкільної програми для 5-11 класів «Література рідного краю».</li><li>-Літературні вечори із запрошенням представників сучасної української літератури.</li></ul><p>А в арт-будиночку кожен бажаючий підліток зможе відвідати:</p><ul> <li>-Виставки місцевих художників і фотографів.</li><li>-3D-фотосесії, з використанням оптичних ілюзій.</li><li>-Жанрові фотозони (спільні роботи художників і фотографів).</li><li>-Показ фільмів у форматі Docudays.</li><li>-Створення мультиплікацій.</li></ul><p>Для переймання найкращого досвіду проектної діяльності та знайомства з інноваційними підходами до облаштування культурно-розважального простору для підлітків і молоді, команда «Shake» делегована освітнім проектом «Відкривай Україну» на навчально-ознайомчу поїзду у Європу.&nbsp;</p>'),
(64, 12, 'en', '', '', ''),
(65, 12, 'sk', '', '', ''),
(66, 12, 'pl', '', '', ''),
(67, 12, 'hu', '', '', ''),
(68, 12, 'ro', '', '', ''),
(69, 13, 'uk', '«Хустські оленята» за чисту екологію', 'Річка Хустець, що протікає через місто Хуст, постійно засмічується стічними водами каналізації та сміттям. Переможці освітнього проекту «Відкривай Україну» із Закарпаття - «Хустські оленята» вирішили націлити свої сили на співпрацю із місцевою владою, жите...', '<p>Річка Хустець є однією із системи річок притоків Дунаю, тому проблема забруднення стосується усього регіону дунайського басейну. Цьогорічні переможці освітнього проекту «Відкривай Україну» із містечка Хуст ініціювали вирішення цієї глобальної проблеми, представивши на фіналі свій проект – Pr-кампанію очисної споруди.</p><p>За словами учасників, держава виділила кошти на перебудову каналізаційніх витоків  і відведення нових труб. А от на реставрацію очисної споруди, яка занадто застаріла і не працює  згідно екологічних норм, коштів немає зовсім. </p><p>Метою проекту підлітків є вирішення проблеми забруднення річки Хустець. Завдання, які школярі виокремили для себе, наступні:</p><ul> \r\n<li>Реалізація PR-кампанії з мотивації до відповідальної екологічної поведінки зрілого населення міста.</li><li>Мотивація представників влади, міського бізнесу та міських ГО до створення робочої групи з пошуку інвестицій, для розробки проекту реконструкції очисної споруди.</li><li>Вивчення міжнародного досвіду реалізації соціальних ініціатив та громадських проектів юнацькими ГО, та ініціативними групами.</li><li>Залучення професійної підтримки місцевих спеціалістів з комунікації зі ЗМІ.</li><li>Створення ініціативної групи реалізації проекту.</li><li>Аналіз ключових цільових аудиторій та стейкхолдерів.</li><li>Аналіз інформаційних ресурсів та ключових каналів комунікації в регіоні.</li><li>Формування медіапллану та ключових повідомлень.</li><li>Розробка фандрейзингової кампанії, пошук місцевих спонсорів та всеукраїнських, і міжнародних донорів.</li><li>Реалізація PR-кампанії.</li><li>Дослідження результатів впливу кампанії на ставлення зрілого населення до проблеми забруднені річки Хустець.</li><li>Дослідження змін в процесі вирішення проблеми з побудови очисної споруди.</li><li>Висвітлення результатів проекту.</li><li>Планування програми проектів, щодо подальшого вирішення проблеми забруднення річки Хустець.</li></ul><p>Для кращого засвоєння провідних бізнес-процесів представництв світових компаній, які створюють продукти з урахуванням екологічної відповідальності та знайомства з екологічно-відповідальним підходом до ведення локального бізнесу, в рамках освітнього проекту «Відкривай Україну», команда «Хустські оленята» буде відправлена у навчально-ознайомчу поїздку за кордон.</p>'),
(70, 13, 'en', '', '', ''),
(71, 13, 'sk', '', '', ''),
(72, 13, 'pl', '', '', ''),
(73, 13, 'hu', '', '', ''),
(74, 13, 'ro', '', '', ''),
(75, 14, 'uk', '«Окрилені мрією» не просто мріють, вони - діють!', 'Історія команди «Окрилені мрією» з міста Камінь-Каширський Волинської області – це намір не дати своєму містечку занепасти та віра, що маленькі кроки можуть привести до великих зрушень. Свою мрію підлітки старанно втілювали протягом року та продовжують іти...', '<p>Освітній проект «Відкривай Україну» допоміг ще одній команді зробити своє містечко кращим. Урбаністичною проблемою  міста Камінь-Каширський, переможці проекту – команда «Окрилені мрією» вважають відсутність території для спортивного проведення дозвілля.  У місті багато дітей мають ролики та скейти, а ще  ковзани, на яких вони катаються взимку. Проблема лише в тому, що роблять вони це на проїжджих частинах або ставках, коли замерзає лід. Це часто призводить до трагічних ситуацій, тому є дуже небезпечним заняттям.</p><p>Проектом школярів став роледром під відкритим небом. Фішка у тому, що це буде не просто роледром, а й ковзанка взимку. Проект також вирішуватиме ще одну проблему міста  - дасть нове життя старому занедбаному футбольному полю.  Ідея реконструкції поля дала початок назви міського проекту «Нове життя старого поля», що, на думку команди «Окрилені мрією», стане першим кроком до нового, кращого життя у їхньому місті.Основними цілями після реалізації проекту буде: </p><p>- заоохочення молоді займатися спортом;</p><p>- ведення здорового способу життя;</p><p>- зробити занедбане місце веселішим і привабливішим;</p><p>Реалізовувати омріяний проект команді допомагатиме ментор, партнер компанії Odgers Berndtson, Олексій Комліченко.</p>'),
(76, 14, 'en', '', '', ''),
(77, 14, 'sk', '', '', ''),
(78, 14, 'pl', '', '', ''),
(79, 14, 'hu', '', '', ''),
(80, 14, 'ro', '', '', ''),
(81, 15, 'uk', 'Учнівський експеримент «Kidsofaction»: ризикнути – і перемогти!', 'Чому зовсім скоро Україну може захопити Роменський водний флешмоб та як школярі ЗОШ №5 поповнили перелік відомих діячів міста Ромни на Сумщині. До Вашої уваги команда-переможниця проекту «Відкривай Україну» - «Kids of Action» та короткий огляд їхнього урба...', '<p>Ідеєю проекту, який Ромненська команда «KidsofAction» розробила на фіналі проекту «Відкривай Україну», є встановлення питних фонтанчиків із системою фільтрації. Проблема полягає у тому, що якість питної води у місті Ромни не відповідає санітарним вимогам, а вміст заліза взагалі перевищує норми в сорок разів. Ціллю проекту є забезпечення населення міста якісною питною водою.</p><p>Учасники команди розповіли, що причиною забруднення води у їхньому місті є видобуток нафти і газу. І навіть презентували на макеті схему побудови фонтанчика, де фільтр розмістили в ніжці за антивандальним склом, щоб кожна людина, яка прийшла попити, могла бачити процес очищення і воду, яка надходить у фільтр та яку вона споживає. Саме це стало фішкою проекту учасників «Kids of Action». Крім того, за задумом команди, у фільтрі будуть знаходитися спеціальні капсули солі, які забирають 5 найшкідливіших речовин з води.</p><p>Поряд з фонтанчиками школярі планують викласти бруківку і посадити квіти. А самі фонтанчики будуть встановлювати у місцях найбільшого скупчення людей та як альтернативну заміну старим колонкам.</p><p> За допомогою біг-бордів з гаслами, школярі привертатимуть увагу людей до цієї проблеми. Також роздаватимуть листівки, з інформацією про встановлення або відкриття питних фонтанчиків у місті. А ще планують зняти рекламні відеоролики та розмістити їх в Інтернеті. І після встановлення фонтанчиків передати їх на утримання міській владі.</p><p>Затвердженим ментор Ромненської команди від освітнього проекту «Відкривай Україну» стала, Генеральний директор Тріумф Медіа Груп та мережі кінотеатрів Планета кіно, Наталя Байдан.</p>'),
(82, 15, 'en', '', '', ''),
(83, 15, 'sk', '', '', ''),
(84, 15, 'pl', '', '', ''),
(85, 15, 'hu', '', '', ''),
(86, 15, 'ro', '', '', ''),
(87, 16, 'uk', '«Гарячі серця» єднають береги міста', 'Як підлітки з Новодністровська вирішують зовсім не підліткове питання побудови великого інфраструктурного проекту для міста. Історія переможців освітнього проекту «Відкривай Україну»', '<p>Переможці освітнього проекту «Відкривай Україну» - команда «Гарячі серця» цьогоріч представляли одне з наймолодших міст в Україні, засноване в 1973 році, Новодністровськ. Місто має красивий ландшафт і все більше привертає увагу представників малого та середнього бізнесу у сфері  туризму. На близькій території від міста є багато історичних та архітектурних пам''яток, які дають змогу дізнаватися більше про культуру та традиції цієї місцевості. Діють унікальні споруди Дністровського комплексу ГЕС, ГАЕС і ГЕС буферної греблі, розташовані в середній течії Дністра, де працює багато місцевих жителів. Проводяться екскурсії, що знайомлять із сучасними технологіями підприємств, які не надають шкідливого впливу на атмосферу і водне середовище. Також проводиться щорічний культурний фестиваль – «Дністер-фест».</p><p>Але, окрім усіх позитивних аспектів, у Новодністровську існує проблема відірваності територій міста від узбережжя річки Дністер через великі перепади в ландшафті по висоті між ГЕС, узбережжям та містом. Це заважає швидко і безперешкодно потрапляти у будь-яку з цих частин міста. Також відсутні місця відпочинку для мешканців та гостей міста, які б дали змогу кожній людині активно та доступно проводити вільний час у мальовничому Новодністровську. </p><p>Несформована належним чином туристична галузь дала поштовх проектній діяльності молодих чендж-мейкерів . Команда-переможниця «Гарячі серця» на фіналі освітнього проекту «Відкривай Україну» представила урбаністичний проект «Від берега до берега». Вирішити питання побудови великого інфраструктурного проекту для міста, який викорінить проблему сполучення нижнього містечка, пляжу та промислових територій із великим верхнім містом підлітки планують вже найближчим часом. Своєю метою вказують такі пункти:</p><ul> <li>-Започаткувати туристичні напрями в  місті.</li><li>-Створити оптимальні умови для транспортування працівників ГЕС, містян, туристів між узбережжям Дністра та верхнім містом.</li><li>-Створити рекреаційні зони навколо ГЕС.</li><li>-Створити велику та доступну зону відпочинку для всіх жителів Новодністровська.</li><li>-Дослідити  проблему перепадів рельєфу в місті та запропонувати кілька варіантів відповідей на виклики.</li></ul><p>Переймати проектний  досвід, отримати поради від експертів, надихнутися новими ідеями та удосконалити власний проект «Гарячі серця» матимуть змогу вже цієї весни, завдяки навчально-ознайомчій поїздці у Європу від освітнього проекту «Відкривай Україну».</p>'),
(88, 16, 'en', '', '', ''),
(89, 16, 'sk', '', '', ''),
(90, 16, 'pl', '', '', ''),
(91, 16, 'hu', '', '', ''),
(92, 16, 'ro', '', '', ''),
(93, 17, 'uk', 'Підсумки 2017: «Люди змінюють людей»', 'У середу, 17 січня, о 12.00 у приміщенні прес-центру УКРІНФОРМ Фундація соціальних інновацій «З країни в Україну» провела підсумкову річну прес-конференцію 2017 - «Люди змінюють людей»', '<p>Спікери звітної прес-конференції «Люди змінюють людей» 2017, співзасновники Фундації соціальних інновацій «З країни в Україну»: Артем Саприкін, Костянтин Стеценко, Дмитро Полковський та Денис Блощинський, публічно обумовили інформацію про діяльність Фундації за 2017 рік.</p><p>Презентувавши та відкоментувавши перед громадкістю та представниками ЗМІ дані по фінансовій та проектній звітності роботи у напрямках освіти, самоідентифікації, громадської активності, культури, популяризації української музики, лозунгом 2017 року було обрано вислів: «Все починається з культури, а культура починається з освіти». </p><p>Проекти Фундації, реалізовані у 2017:</p><ul> \r\n<li>Обличчя міст (1 348 000 грн - головний донор USAID, понад 7000 гостей відвідало).</li></ul><ul> \r\n<li>Флешмоб «Щасти на ЗНО» (проведений з метою підтримати школярів – майбутніх вступників. До нього залучилося багато відомих особистостей, зокрема, на одному з фото із хештегом можна побачити міністра освіти і науки України – Лілію Гриневич).</li><li>Фестивалі інноваційної освіти (проведений у 9 обл. центрах України в один день. Школярі представили 132 міських проекти на розгляд експертного журі. Головний донор – співзасновники Фундації - 850 тис грн.).</li><li>Академія фестивалю «З країни в Україну».</li></ul><ul> \r\n<li>Фестиваль з «Країни в Україну» (6 міст східної України, 50 музикантів та артистів, до 20 000 гостей відвідало, залучено гроші донорів у розмірі 4 227 755 грн - донор USAID).</li><li>Освітній марафон.</li><li>«Відкривай Україну». «Ідентифікація» (240 міст, 13 500 дітей зареєстровані спочатку, 6500 вийшли до півфіналів та понад 3000 дійшли до фіналу і реалізували 132 проекти на рівні міст. 3000 гостей відвідало фінал проекту в Києві - Концерт «Ідентифікація», на якому було оголошено 6 переможців проекту - команди з різних куточків країни. Залучено 3 130 000 гри із понад 30 джерел фінансування).</li></ul><p>Плани, які Фундація реалізовуватиме у 2018 році:</p><ul> \r\n<li>Разом із Суспільним Фундація розпочинає великий соціальний експеримент - зйомки освітнього проекту «Відкривай Україну», терміном на 4 роки. </li><li>У 2018 році Фундація запускає новий проект «Культурний майнінг», який охопить нову географію Сходу України.</li><li>Планується нова хвиля Фестивалю «З країни в Україну», яка накриє 12 міст Східної України вже у вересні.</li><li>Стартуватиме новий проект «Відкривай Україну», що набуде глобальніших масштабів (50 000 дітей, 1000 проектів).</li><li>Фундація ініціюватиме та реалізовуватиме ряд креативних активацій та залучатиме нові партнерства.</li><li>У 2018 році команда Фундації посилюватиме позицію у напрямках культури та освіти, працюватиме більше, глибше і свідоміше, а також робитиме перші кроки у сфері охорони здоров’я та реалізовуватиме ОКО-програму (освіта, культура, охорона здоров’я).&nbsp;</li></ul>'),
(94, 17, 'en', '', '', ''),
(95, 17, 'sk', '', '', ''),
(96, 17, 'pl', '', '', ''),
(97, 17, 'hu', '', '', ''),
(98, 17, 'ro', '', '', ''),
(99, 18, 'uk', 'Перше найдобріше реаліті-шоу в Україні', 'У 2018 році Фундація соціальних інновацій «З країни в Україну»  розпочинає великий соціальний експеримент разом із Суспільним - зйомки освітнього проекту «Відкривай Україну» у форматі реаліті-шоу, терміном на 4 роки.', '<p>Цього року українці матимуть змогу спостерігати як змінюються долі, міста та Україна загалом. Протягом року гейміфікований освітній проект «Відкривай Україну», у стінах міських шкіл, формував команди активної учнівської молоді, з ціллю - розробити та реалізувати корисний проект для свого міста і людей, які у ньому проживають. Найкращі реалізовані урбаністичні проекти, обрані експертами та фахівцями з різних сфер, делегували міську команду на національний рівень. На фіналі у столиці підлітки пройшли інноваційно-інтенсивне навчання, прокачалися у нестандартних для себе умовах та всього за чотири дні, з усіма отриманими модерними навичками та знаннями, розробили і презентували абсолютно нові проекти.</p><p>Шлях на фіналі, емоції учасників, перемоги та поразки команд щоденно знаходилися під прицілом знімальної команди Суспільного. Перших 7 серій вийде вже навесні – це трансляція подій, що відбувалися на фіналі «Відкривай Україну» 2017 у листопаді та концерт «Ідентифікація», де було оголошено шестірку команд-переможниць. Наступні 6-8 серій вийдуть восени, вони розповідатимуть історію реалізованих проектів команд-переможниць.</p><p>Зйомка проекту розширить кордони та висвітлюватиме події із життя учасників не лише в Україні, але й поїздку трьох команд-переможниць, які вибороли право на закордонний навчальний візит у Європу. Команди «Гарячі серця» (м. Новодністровськ, Чернівецька обл.) з проектом - фунікулер у місті, «Хустські оленята» (м. Хуст, Закарпатська обл) з проектом очисної споруди, «Shake» (м. Мала Виска, Кіровоградська обл) з проектом - будиночки на деревах познайомляться із закордонним досвідом реалізації проектів, подібних до тих, які вони згенерували у фіналі, познайомляться із представниками влади та громадського сектору і з такими ж активними підлітками.&nbsp;</p>'),
(100, 18, 'en', '', '', ''),
(101, 18, 'sk', '', '', ''),
(102, 18, 'pl', '', '', ''),
(103, 18, 'hu', '', '', ''),
(104, 18, 'ro', '', '', ''),
(105, 19, 'uk', '«Культурний майнінг» видобуває свої «проектні діаманти»', 'У 2018 році Фундація соціальних інновацій «З країни в Україну» запускає новий проект «Культурний майнінг», який розширить географію на Сході України у пошуку і навчанні  «проектних діамантів» - менеджерів.', '<p>Цьогоріч у дванадцятьох містах Луганської та Донецької областей втілюватиметься унікальна методика навчання менеджерів культурного напрямку, громадського сектору та проектних менеджерів у сфері урбаністики. У містах Попасна, Рубіжне, Щастя, Сватове, Кремінна, Старобільск, Авдіївка, Вугледар, Курахове, Волноваха, Дружківка і Торецьк Фундація проведе дві п’ятиденні Академії проектного менеджменту для представників громадського сектору, бізнесу та влади, які реалізовують ініціативи з покращення власних міст.</p><p>Представники зазначених сфер: громадського сектору, бізнесу та влади гуртуватимуться  у потенційні команди від міста із 6 осіб. Під час Першої Академії (31 січня - 4 лютого) учасники отримають велику кількість інформації про різноманітні формати проектів у громадському секторі, основи проектного менеджменту, важливі викладки по стратегуванню та комунікації проектів для громадськості, механіки роботи із креативом та створенням власних ідей. За результатами роботи в Першій Академії проекту учасники самостійно розроблять і подадуть заявки на власні проекти у своїх містах. Наступний етап – навчання у Другій Академії (28 лютого – 4 березня) складатиметься із навчального п’ятиденного модулю. Команди, на основі своїх проектів, разом із запрошеними лекторами та модератором Академії пройдуть основи дизайн мислення та ощадливого стартапу, гнучких методик та класичного проектного менеджменту. Отримають інформацію щодо ефективної взаємодії між учасниками команди, можливостями шукати ресурси на свої проекти та проводити ефективні комунікаційні кампанії у стислі терміни.</p><p>За результатами проекту «Культурний майнінг» Фундація соціальних інновації «З країни в Україну» очікує створити  комьюніті кваліфікованих проектних менеджерів у кожному із 12 міст, які будуть готові реалізовувати важливі проекти для своїх міста та якісно втілювати національні програми Фундації – мандрівний Фестиваль «З країни в Україну» та освітній гейміфікований проект «Відкривай Україну».&nbsp;</p>'),
(106, 19, 'en', '', '', ''),
(107, 19, 'sk', '', '', ''),
(108, 19, 'pl', '', '', ''),
(109, 19, 'hu', '', '', ''),
(110, 19, 'ro', '', '', '');
INSERT INTO `news_i18n` (`id`, `news_id`, `language`, `title`, `short`, `text`) VALUES
(111, 20, 'uk', '​Новітні експерименти педагога задля збереження історії', '', '<p>Існують такі професії, які й професіями назвати важко. Скоріше, це покликання і справа життя, якій віддається не тільки левова частина часу, але й частинка душі. Прикладом такого жертовного професійного шляху, без сумнівів, можна вважати професію вчителя. Вчителі, як і люди, бувають різними. До когось учні йдуть на урок, зціпивши зуби та переборюючи власне небажання, а до когось – біжать наввипередки і з нетерпінням чекають наступної зустрічі. Останніх прийнято називати вчителями з великої букви. Вони вмотивують сісти за підручник навіть найнепосидючішого шибайголову. До них завжди можна звернутися за порадою, а їхні випускники, і після закінчення школи, повертаються у стіни рідного навчального закладу, щоб за чашечкою чаю душевно побесідувати зі своїм вчителем. Адже, якщо педагогічний університет і надає відповідну кваліфікацію та знання, то любов до дітей, свого предмету і школи зі всіма її труднощами – йде від серця людини. І саме про таку людину, вчителя від Бога, йтиме далі річ.</p><p>У листопаді 2017 року, в рамках фіналу Всеукраїнського освітнього проекту «Відкривай Україну», ініційованого Фундацією соціальних інновацій «З країни в Україну»,  був проведений  «Освітній марафон» на підтримку розвитку та інноваційного підходу до педагогічної діяльності. Понад 200 вчителів з усієї України з’їхались на декілька днів разом для навчання та обміну досвідом. Важливо, що були не лише вчителі команд-фіналістів проекту «Відкривай Україну», а ще й 106 вчителів із Донеччини та 50 освітян із Луганщини. Окрім обговорення про формування партнерства між усіма сторонами навчального процесу, вчителі також активно включалися у роботу на майстер-класах, тренінгах та лекторіях. Чому? Причина проста – тут ділились знаннями. Це не була «відбувайлівка», не було статусів чи звань після проходження курсу. Винагорода одна – знання. Вони вчились для того, щоб вчити.</p><p><img src="/uploads/news/28378729541269242923724293569660-e05c49e915.jpg"></p><p><strong>Тетяна Іванівна Мартинко</strong> – педагог із містечка Рубіжне, що на Луганщині, була однією із двохсот учасників-освітян. Так, за ініціативи цієї жвавої вчительки у спеціалізованій школі №7 було створене середовище, що допомагатиме зберігати унікальність містечка Рубіжне у свідомості учнів та інших мешканців. На питання, чому пані Тетяна присвятила себе вчительській справі, відповідає життєствердно: </p><ul> <li>-<em>Може й дивно, але це єдина професія, що поєднує обов''язок - вчити, і самій постійно вчитись для розширення інформаційного простору, бути винахідливою, компетентною за фахом та у будь-якій життєвій ситуації. При цьому залишатись щирою, активною, рухатись вперед за вимогами часу.</em></li></ul><p>Тетяна Іванівна викладає історію та власними силами реформує шкільне життя, змінюючи його на краще. Цьогоріч вчителька взяла участь у GoFundEd – краудфандинговій платформі для освітніх проектів зі своєю ініціативою «Скарбниця Рубіжного – шкільний історичний музей». Маленьке індустріальне містечко хіміків, картонажників, трикотажників, має свою велику історію. З одного боку, вона нагадує історії тисяч інших невеликих містечок, а з іншого – має свої особливості. Про свій проект  розповідає наступне: </p><ul> <li>-<em>Учні і педагоги своїми руками створили у кабінеті історії музейну кімнату, що допомагає дізнатися про минуле нашого краю, уявити життя предків за допомогою інформаційного матеріалу та рукотворних предметів, наприклад, ляльок у народному вбранні. Але ми плануємо йти далі. До 50-річчя нашого закладу створити музей історії школи, що є однією з найкращих у місті. Це потрібно для того, щоб розглянути динамічний розвиток краю, міста,  школи, успіхи випускників, вписати в історію Рубіжного кращих педагогів і це в поєднанні постійних творчих пошуків із збереженням народних традицій. </em></li></ul><p>Здійснити такий задум вчителька вирішила за допомогою GoFundEd  - платформи, що прагне допомогти освітянам створювати якісний навчальний досвід для своїх учнів, підтримуючи ініціативи вчителів. Педагоги із кожного куточка країни мають можливість опублікувати свій проект на платформі. Доброчинці можуть підтримати фінансово або організаційно ті проекти, які, на їхню думку, заслуговують на довіру. Про таку можливість Тетяна Іванівна дізналася на «Освітньому марафоні». Саме там вчителька познайомилася із координаторкою проектів GoFundEd - Оленою Шульгою, котра, виступаючи у ролі лекторки, ділилася своїм безцінним досвідом з учасниками курсу. Розповідаючи, як це було, ділиться спогадами:</p><ul> <li>-<em>Під час «Освітнього марафону» було багато цікавих і незабутніх зустрічей. Власне, всі були корисні. Але ж, як кажуть, за двома зайцями... Том, я уважно слухала Шульгу Олену, підійшла, познайомились. Здається, їй теж було цікаво про нашу школу, музей, колекцію ляльок.</em><em>І ось ми в проекті.</em><em>Навіть працювати над цим було цікаво.</em><em>У нас багато різних наробок,</em><em>певний досвід,</em><em>узагальнення на різних рівнях,</em><em>але наш проект дуже вагомий підсумок того, що зроблено і важливий крок вперед.</em><em>Нас підтримують колеги з інших шкіл.</em><em>Дуже важливо,</em><em>що в Україні та за її межами  дізнаються,</em><em>що Рубіжанська спеціалізована школа №7 - сучасна, перспективна школа, хоч і в очікуванні 50-річного ювілею</em>.  </li></ul><p>Говорячи про ідею створення проекту, делегованого на краудфандингову платформу, вчителька розповідає, що сама кімната була вже давно: </p><ul> <li>-<em>Спочатку ми називали її кімнатою Бойової слави. А починаючи з 2014 року виникла необхідність глибше зануритись у нашу історію і довести, що ми є невід’ємною частиною України. Вивчали інформацію із різних джерел, складали описи-дослідження про мовні особливості краю, традиційні промисли.</em><em>Прийшли до висновку,</em><em>що у нашому полікультурному регіоні домінують українські, у поєднанні іншими народами, традиції.</em><em>От і створили невеличку експозицію з історії краю.</em><em>Учні,</em><em>вчителі,</em><em>батьки мають можливість знайомитись з історією Луганщини.</em><em>Такий напрямок ми розвиватиме</em><em>мо</em><em> й далі. Наступна ідея,</em><em>створити музей історії школи.</em><em>Вона не стандартна,</em><em>а унікальна. Колектив у постійному пошуку. Школа справжня ковальня  педагогічних кадрів, успішних випускників, талановитих педагогів. Це необхідно зберегти,</em><em>показати тим, хто навчається сьогодні і завтра</em>.</li></ul><p>Такий досвід та новий експеримент  для себе пані Тетяна обумовлює тим, що потрібно завжди рухатися вперед. Використовувати можливі дієві ресурси, навіть раніше невідомі. Адже світова практика доводить, що краудфандинг - популярна форма вирішення питань у багатьох напрямках.А для освітян - це чудова можливість здійснити мрії. Потрібно небагато: бажання, творчий потенціал, працьовитість, креативність, наявність надійних партнерів, делікатність, наполегливість і віра в свій успіх<em>.</em></p><ul> <li>-<em>В умовах реформування освіти, будівництва Нової Української Школи необхідно довести учням і суспільству, що учитель не тільки той, що дає знання та готує своїх підопічних до життя, а й сам експериментує, можливо, й ризикує та все ж таки практичними діями прагне покращити умови навчання своїм вихованцям, </em>- констатує, як відомий факт, учителька.</li></ul><iframe width="500" height="281" src="//www.youtube.com/embed/Pc9o6h4x8dk" frameborder="0" allowfullscreen=""></iframe><p>Подібна історія успіху та бажання рухатися у напрямку позитивних змін – лише одна із багатьох серед тих освітян, що у листопаді 2017 року стали учасниками «Освітнього марафону». Новий час вимагає нових можливостей та креативних дій, ініціативи та щоденного долання застарілих устроїв і стереотипів. Саме ці канони втілив у себе освітній проект «Відкривай Україну» - наймасштабніший, за часи незалежності, командний проект, що територіально сягнув усієї карти нашої країни. «Освітній марафон» - одна із складових «Відкривай Україну»,  став тією ниточкою, що об’єднала всіх учасників освітнього процесу. Нова Українська школа неможлива без Нового Українського педагога. І тепер, спостерігаючи за успіхами учасників, по завершенню «Освітнього марафону», можна з впевненістю сказати, що закладений вектор руху продовжує тримати правильний напрямок та виправдовує найкращі сподівання, які покладалися на випускників курсу – вчителів.&nbsp;</p>'),
(112, 20, 'en', '', '', ''),
(113, 20, 'sk', '', '', ''),
(114, 20, 'pl', '', '', ''),
(115, 20, 'hu', '', '', ''),
(116, 20, 'ro', '', '', ''),
(117, 21, 'uk', 'Бердянські «Пінгвіни» міняють столицю', 'Фіналісти освітнього проекту «Відкривай Україну», команда Бердянської спеціалізованої школи №16, «Пінгвіни» були відібрані до акселераційної менторської програми Kyiv Smart City з інноваційним проектом «EcoBrd»', '<p>1 лютого 2018 року у Kyiv Smart City Hub пройшов публічний пітчинг міських проектів, які були подані до акселераційної програми Kyiv Smart City. На пітчингу було представлено 17 проектів, які команди презентували як такі, що потенційно можуть стати частиною міської інфраструктури. Журі обрало найкращих 7 проектів, котрі потрапили до безкоштовної двомісячної акселераційної програми.</p><p>Проект «EcoBrd» команди Бердянської спеціалізованої школи №16 «Пінгвіни» - це мобільний додаток, який показує киянам та гостям столиці місцезнаходження туалетів, баків для вторинної сировини, місця прийому вторсировини, пунктів прийому батарейок, державних закладів. Серед найперспективніших проектів, які, на думку експертів, мають потенціал для позитивного впливу на інфраструктуру міста також є: </p><p>⦁nCharge (хмарний сервіс по управлінню зарядними станціями для </p><p>     електротранспорту та створення SMART інфраструктури міста;</p><p>⦁Геній парковки (мобільний додаток, який інформуватиме владу та спільноту про факт порушення правил паркування);</p><p>⦁Green Road (мобільний додаток, який дає можливість визначати оптимальну швидкість пересування автомобілем для потрапляння в “зелену хвилю” на дорозі); </p><p>⦁Єдина диспетчерська Overvis (об’єднання об’єктів комунального господарства в єдину службу контролю);</p><p>⦁Evolution (проект, метою якого є ефективне сприяння особистісного зростання всіх учасників навчального процесу);</p><p>⦁Smart City Wallet by Fishpay (мобільний додаток, який дає можливість швидко здійснювати оплати в рамках міської цифрової інфраструктури).</p>'),
(118, 21, 'en', '', '', ''),
(119, 21, 'sk', '', '', ''),
(120, 21, 'pl', '', '', ''),
(121, 21, 'hu', '', '', ''),
(122, 21, 'ro', '', '', ''),
(123, 22, 'uk', '«Kids of Action» вшанували пам’ять полеглих бійців під Крутами', 'Учасники освітнього проекту «Відкривай Україну», школярі з міста Ромни, що на Сумщині, склали пісню про полеглих студентів у бою під Крутами', '<p>Школяр Сергій Зінченко написав музику на вірш-реквієм Павла Тичини “Пам’яті тридцяти”, який присвячений подіям  29-го січня 1918-го року. Пісню виконали школярі ЗОШ №5 із міста Ромни, які у фіналі освітнього проекту «Відкривай Україну» представляли команду-переможницю «Kids of Action».</p><p>Одна із виконавець пісні, школярка Каріна Нестеренко наголошує, що проблема, яка підноситься у вірші є дуже актуальною наразі. Адже, як і у 1918-му році, так і зараз, українці не перестають боротися на свою незалежність і територіальну єдність. </p><p>Керівник шкільного ансамблю, Ірина Холоша, розповідає, що готувалися учні всього-на-всього один день:</p><p>- Сьогодні отримали завдання, а на другий день вони її вже співали, - ділиться вчителька.</p><p>На питання, чому з-поміж багатьох віршів обрали саме цей, є наступна відповідь:</p><p>- Ми переглядали безліч віршів, довго вибирали, які можна&hellip; але там більше про кохання. Зараз складний час для України і ми вирішили, що такий патріотичний вірш буде дуже доречним для того, щоб написати пісню саме на ці слова, - каже автор музики Сергій Зінченко.</p><p>Сюжет про талановитих та свідомо-патріотичних школярів був відзнятий телевізійною командою UA:Суми.</p>'),
(124, 22, 'en', '', '', ''),
(125, 22, 'sk', '', '', ''),
(126, 22, 'pl', '', '', ''),
(127, 22, 'hu', '', '', ''),
(128, 22, 'ro', '', '', ''),
(129, 23, 'uk', '​Освітянки «Відкривай Україну» стали «Натхненням року» від конкурсу «Жінка України 2018»', '15 березня відбудеться церемонія нагородження переможців конкурсу «Жінка України 2018». П’ять освітянок – педагоги команд-фіналістів Всеукраїнського освітнього проекту «Відкривай Україну» беруть участь у номінації «Натхнення року»', '<p>«Жінка України 2018» - це визнання значимості жінки у всіх сферах сучасного українського суспільства. Це творчість, розвиток та досягнення найкращих - тих, хто щодня надихає. «Единственная» ділиться історіями досягнень жінок України в різних сферах діяльності. Це історії, що стануть натхненням для сотень інших жінок.</p><p>  Символічно, що конкурс припадає на весняну пору року. Адже пробудження природи пов’язане з жінкою. Жінка багато в чому схожа на весну – вродою, лагідністю, ніжністю, милосердям, приносить у життя надію, віру, любов та умиротворення.</p><p>Цього року серед 14 категорій конкурсу, номінація «Натхнення року» була присвячена освітянкам. За словами ініціаторів премії, усі зміни у країні починаються з освіти. Наші сьогоднішні героїні – це п’ять представниць освіти з різних регіонів України, які брали участь у Всеукраїнському освітньому проекті «Відкривай Україну». Сьогодні Ви можете познайомитися з нашими героїнями ближче, а вже у четвер, 15 березня, ми дізнаємося, хто з цих неймовірних жінок, за результатами голосування,  виборов місце першості.</p><p><strong>Наша перша представниця, якій поза конкурсом ми вже присудили звання «жінка-вогник» - Руслана Ігорівна</strong> <strong>Мудрик</strong>. Заступник директора з виховної роботи у Радивилівському навчально-виховному комплексі «Школа-гімназія №1» своєю енергетикою запалює всіх довкола. На освітньому проекті «Відкривай Україну» її команда школярів з міста Радивіл - «РадоDrive» створила туристичну інфраструктуру міста з використанням QR-кодів. Пані Руслана дуже активна і надихає своїми емоціями дітей брати з неї приклад. Жінка націлена на перемогу, адже в переліку її досягнень не лише учні, що стали фіналістами освітнього проекту, але й багато грамот за перемоги у конкурсах, змаганнях та олімпіадах районного, міського, обласного, всеукраїнського і міжнародного рівнів. Сподіваємося, що до цього списку вчителька зовсім скоро зможе внести ще й перемогу у номінації «Натхнення року». </p><p><strong>Наступна героїня - Світлана Іванівна Стрельчук. Для нас – «жінка-завзяття». </strong>Завідувачка бібліотеки у Каховському НВК, прес-секретар, тренер Каховської МГО «ДіЛО», має 14-річний досвід громадської діяльності. Обіймаючи посаду звичайного шкільного бібліотекаря, Світлана зібрала навколо себе компанію агентів змін. Її підопічні, команда «ГУК», увійшли до числа фіналістів освітнього проекту «Відкривай Україну» завдяки представленому проекту «Кошеня купуй – тваринку врятуй». Пані Світлана своїм завзяттям довела дирекції школи, що кожен член шкільної сім’ї вартий уваги і навіть бібліотекар може бути кращим другом школяра. Ми підтримуємо Світлану Іванівну і продовжуємо стежити за її шляхом вже на іншому проекті – конкурсі «Жінка України 2018».</p><p><strong>Третя номінанта, наша «жінка-тепло» - Світлана Ігорівна Пилипів.</strong> Вчителька математики Збаразької ЗОШ І-ІІІ ст. №3 разом із своїми учнями брала участь у проекті «Відкривай Україну». Її команда «ЗбаражКом» вийшла у фінал із проектом «Громадські ініціативи». Своїм професійним прикладом пані Світлана показує, що дійсно можливо відірвати учнів від он-лайн ігор та планшетів і зацікавити практичними справами. Її учням подобається змінювати життя школи і свого міста на краще. Сам педагог мріє раз і назавжди побороти стереотип «вчитель &mdash; це страшно». Вона прагне змін в оточенні та країні в цілому. А її роботу та комунікацію з дітьми можна брати за основу спілкування у викладацькому середовищі. Вболіваємо за цю жінку та щиро бажаємо їй перемоги!</p><p><strong>Тамара Михайлівна Бишенко, або як називаємо її  ми - «жінка-душа» , четверта учасниця номінації.</strong> Працює вчителькою початкових класів у Васильківському НВК №4. Добра, відповідальна, творча, креативна та весела пані. Крім того, вона є керівником гуртка лялькового театру «Сузір''я». Протягом року Тамара Михайлівна була керівником-модератором команди «Діти Галактики» Васильківського НВК № 4, які стали фіналістами від Київської області у проекті «Відкривай Україну». Вона навіть не припускає, що в цьому світі є щось важливіше за дітей, яких вона надихає бути особистостями. Всі учні, яких вона навчала, вважають її вчителем за покликанням, а не за посадою. Можливо, саме така любов і підтримка принесе жінці перемогу у номінації «Натхнення року».</p><p><strong>І на завершення – «жінка-світло» Ольга Сергіївна Войникова, </strong>яка працює вчителем у Бердянській гімназії №1 «Надія». Крім того, пані Ольга &mdash; заступник голови громадської організації «Українська громада». Разом із небайдужими жінками популяризує українську мову в російськомовному Бердянську, де відкриті безкоштовні курси української мови для дорослого населення. Жінка має безліч нагород за сумлінну працю, а також за виховання патріотизму й підготовку переможців конкурсу «Сила. Мужність. Честь.» 2016-2017 років та почесну грамоту Департаменту Освіти за участь у проекті «Відкривай Україну» в 2017-му році. Команда "Ray of hope" – школярі, яких вела пані Ольга на Всеукраїнському освітньому проекті «Відкривай Україну», натхненні своїм педагогом, заявляли про себе наступним чином: <em>«Ми віримо у те, що Країна починається там, де твій ДІМ. Важко знаходити час, небайдужих, які прагнуть змінити світ і допомогти, але саме так формується команда і вміння долати труднощі. І який би не був результат - є самоаналіз». </em>Бажаємо нашій учасниці успіху та, яким би не був результат, впевнені, що самоаналіз, як і у її учнів, є і він надзвичайно великий. </p><p>Ми щиро захоплюємо цими прекрасними жінками, підтримуємо їх, вболіваємо та всім серцем сподіваємося, що як і «Відкривай Україну», так і «Жінка України» - це лише гарний початок великого просвітницького й надихаючого шляху наших героїнь. Для нас кожна з цих чудових жінок вже стала «Натхненням року» та справжнім відкриттям. Бажаємо успіху і повний вперед!</p>'),
(130, 23, 'en', '', '', ''),
(131, 23, 'sk', '', '', ''),
(132, 23, 'pl', '', '', ''),
(133, 23, 'hu', '', '', ''),
(134, 23, 'ro', '', '', ''),
(135, 24, 'uk', '#рекомендації від Павла Горба. Видатні українські композитори', 'Коли згадують про українську класичну музику, більшість одразу називає прізвища Леонтовича, Лисенка та Веделя. І часто наша пострадянська меншовартість говорить нам: «Але ж в Україні не було Бетховена чи Моцарта». Але чи правда це? Чи завжди наші генії жил...', '<p><strong>&nbsp; &nbsp; &nbsp; &nbsp; &nbsp; &nbsp; &nbsp; &nbsp; &nbsp; &nbsp; &nbsp; &nbsp; &nbsp; &nbsp; &nbsp; &nbsp; &nbsp; &nbsp; &nbsp; &nbsp; &nbsp; &nbsp; &nbsp; &nbsp; &nbsp; &nbsp; &nbsp; &nbsp; &nbsp; &nbsp; &nbsp; &nbsp; &nbsp; &nbsp; &nbsp; &nbsp; &nbsp; &nbsp; &nbsp; &nbsp; &nbsp; &nbsp; &nbsp; &nbsp; &nbsp; &nbsp; &nbsp; &nbsp;&nbsp;</strong></p><p><strong><br></strong></p><p><strong>&nbsp; &nbsp; &nbsp; &nbsp; &nbsp; &nbsp; &nbsp; &nbsp; &nbsp; &nbsp; &nbsp; &nbsp; &nbsp; &nbsp; &nbsp; &nbsp; &nbsp; &nbsp; &nbsp; &nbsp; &nbsp; &nbsp; &nbsp; &nbsp; &nbsp; &nbsp; &nbsp; &nbsp; &nbsp; &nbsp; &nbsp; &nbsp; &nbsp; &nbsp; &nbsp; &nbsp; &nbsp; &nbsp; &nbsp; &nbsp; &nbsp; &nbsp; &nbsp; &nbsp; &nbsp; &nbsp; &nbsp; &nbsp; &nbsp; &nbsp;&nbsp;&nbsp;5 видатних українських композиторів</strong></p><p><strong><br></strong></p><p><img src="/uploads/news/leoornsteinasayoungman-d88670fa4b.jpg"></p><p><strong>Лео Орштейн (Лев Горштейн</strong>)</p><p>Орштейн народився у місті Кременчук наприкінці 19 ст., у єврейській сім''ї музикантів. Сьогодні це ім''я знає кожен викладач музики у США. Лео почав навчатись у Києві, а згодом у Петербурзі. В 1906 році Орштейни мігрують до США, де композитор створює свої перші музичні твори. У 1914 він відвідує Європу, де знайомиться із видатним Ферручо Бузоні. Орштейн пише сміливу авангардну музику, але не відкидає більш консервативні тенденції. Його твори легкі і врівноважені, наче хвилі безмежного океану. За своє життя він написав силу-силену творів, серед яких "Вечірня козацька пісня" (для ф-но з оркестром), "Три настрої" та "Ранок у лісі".Останній свій твір Лео Орштейн написав у віці 97 років.&nbsp;</p><p><img src="/uploads/news/prokofev-04a761a5dd.jpg" style="width: 248px;"></p><p><strong>Прокофьев Сергій Сергійович</strong></p><p>Так-так! Це саме той Прокофьев, згадуючи якого, ми одразу уявляємо будинок Петербурзької філармонії чи Великий Оперний. Це той самий Прокофьев, чий 2-й фортепіанний концерт вважається першим із трьох найвизначніших творів світового піанізму. Та, мабуть, далеко не всі знають,  що народився і жив Сергій Сергійович у містечку СонцевкаБахмутського районуДонецької області.Свій перший твір "Індійський галоп"юний  геній написав у 5 років, а в 9 - свою першу оперу "Велетень".  Щоб у декого не було спокуси "ділити" Прокофьева, скажу наступне - ніхто з політиків, чи будь-хто інший, не написав жодної ноти його творів.Прокофьева не можливо назвати ні російським, ні українським композитором, як і більшість великих він належить усьому світові.</p><p><img src="/uploads/news/stravinskij-08f0c9d154.jpg" style="width: 259px;"></p><p><strong>Стравінський Ігор Федорович</strong></p><p>«Що!? І Стравінський теж? - запротестуєте Ви. - Але ж  він народився у Петербурзі!».</p><p>Саме так, от тільки батьки Стравінськогоукраїнці та ще й славетного козацького роду з Волині, що веде свій рід від Гетьмана Івана Сулими. Сам композитор писав: «Наше прізвище було Сулима-Стравинські, однак, коли Росія анексувала частину Польщі, то „Сулима“ з якоїсь причини було випущене з нашого прізвища». Стравінський постійно відвідував своїх рідних у містечку Устилуг (Волинська обл), збудував там будинок  і саме в Україні композитор знайшов своє кохання та написав більшість своїх творів. Музика Стравінського сильно переплетена з мотивами народного фольклору. "Історія солдата" – опера, що вважається однією з найвизначніших творів автора. Тут нескладно вгадати алегорію, де стосунки між чортом та солдатом схожі на долю України у складі Російської імперії.</p><p><img src="/uploads/news/kosenko-71e24878a2.jpg"></p><p><strong>Косенко Віктор Степанович</strong></p><p>Ще один "петербурзький" українець. Отримав освіту у Варшаві, а згодом продовжив навчатись у Петербурзі. У віці 6 років, не знаючи нотного письма, Косенко підбирає на слух та грає патетичну сонату Бетховена. Хоч він і народився у Петербурзі, але більшу частину життя прожив та працював на Батьківщині, в місті Житомир.Тут Косенко і його друзі-музиканти створили мистецьке середовище, яке не поступалося столичному. Віктор Степанович був першим директором житомирського музичного училища, яке і дотепер носить його ім''я. Крім сонат та концертів, серед творів автора є романси на вірші відомих поетів (П. Тичина, О. Пушкін, О. Блок, О. Апухтін, К. Бальмонт та інших) та музика до кінофільму  «Останній порт» (1934, реж. А. Кордюм).</p><p><img src="/uploads/news/barvinskij-7a91a48345.jpg" style="width: 253px;"></p><p><strong>Барвінський Василь Олександрович</strong></p><p>Справжній "Шевченко" та "Моцарт" української музики. Видатний український музикант, композитор та критик, народився у Тернополі 20 лютого 1888 року. Протягом усього життяБарвінський вбачав своє призначення у творенні цілісності української музики. І йому це вдалося. Твори автора сповнені національного колориту та присвячені життю та долі Українського народу. Але любити власний народ і плекати надію про незалежну українську державу - означало бути ворогом радянської влади. У 1948 році 60-річногоВасиля Барвінського було заарештовано. 10-річне заслання у Мордовії він відбував спільно з дружиною Наталею.У 40-х роках майже весь композиторський доробок було знищено &mdash; спалено у дворі Львівської консерваторії, якою сам Барвінський керував майже 33роки.Нині майже всі твори композитора відновлені. В Європі Барвінськогопорівнюють з Моцартом і щоб переконатися у цьому - пропоную послухати його знаменитий секстет -&nbsp;</p><iframe width="500" height="281" src="//www.youtube.com/embed/J__n3ePSjlQ" frameborder="0" allowfullscreen=""></iframe>'),
(136, 24, 'en', '', '', ''),
(137, 24, 'sk', '', '', ''),
(138, 24, 'pl', '', '', ''),
(139, 24, 'hu', '', '', ''),
(140, 24, 'ro', '', '', '');
INSERT INTO `news_i18n` (`id`, `news_id`, `language`, `title`, `short`, `text`) VALUES
(141, 25, 'uk', '​«Жінка України 2018» Ольга Войникова: «Я бачила байдужих жінок - і це найстрашніше!»', 'Названо ім’я переможниці у номінації «Натхнення року» конкурсу «Жінка України 2018». Нею стала освітянка Всеукраїнського проекту «Відкривай Україну» - Ольга Войникова!', '<p>Вона – вчителька історії Бердянської гімназії №»1 «Надія». Активістка за покликанням, уже другий рік обіймає посаду заступника голови ВО «Українські громади», співпрацюючи у своїх просвітницьких проектах з лідерами національно-культурних товариств по забезпеченню міжнаціональної злагоди, розвитку етнічної культурної та мовної самобутності у багатонаціональному Бердянську. У 2017 році разом із своїми учнями, командою «Ray of hope», відкривала Україну в однойменному освітньому проекті, а ми, Фундація соціальних інновацій «З країни в Україну», відкрили цю жінку для себе. Делегована від проекту «Відкривай Україну» на Всеукраїнський конкурс «Жінка України 2018», педагогиня здобула перемогу в номінації «Натхнення року» за результатами голосування та оцінюванням експертного журі журналу «Единственная». Скромна і тендітна, але й водночас сильна особистість, вона так коментує перемогу на своїй сторінці у соціальній мережі: «<em>Прокинувшись зранку, згадувала, як усе починалось&hellip; У червні 2016-го мені подзвонив Роман Синиця і запропонував поїхати командою на навчання у Харків... Багато досвіду отримано з того часу і моя звичка не здаватися знову звела мене з Фундацією "З країни в Україну". А далі, поєднання креативних учнів, небайдужих бердянців і друзів привели до перемоги у проекті. Потім новина - вас номіновано! І знову небайдужі бердянці, активісти, учні, випускники, батьки, подруга, рідні і близькі, колеги... Окрема дяка БМЛ. Оце так підтримка! І якщо я її заслуговую, то це вже перемога! А статуетка не моя, вона - НАША! ДЯКУЮ!».</em></p><p>Отже, знайомтеся, переможниця у категорії «Натхнення року» від конкурсу «Жінка України 2018», освітянка проекту «Відкривай Україну» - Ольга Сергіївна Войникова. Сьогодні спілкуємося про сучасних педагогів та жінок, які надихають. Про соціальну відповідальність, про виклики собі та суспільству і, звісно ж, про перемогу у конкурсі «Жінка України».</p><p>15 березня, у світлі софітів, вчителька із Бердянська Ольга Войникова, вийшла на сцену отримати статуетку «Жінка України 2018» та почесне звання «Натхнення року». Серед красивих суконь, відомих українських гостей і номінантів жінка на кілька годин опинилася у центрі всебічної уваги. Підтримуючи нашу освітянку, ми хвилювалися не менше, і тому першими поцікавилися її враженнями від вечора і, звісно ж, перемоги.</p><ul> <li>- <em>Дуже сподобалося. Це надзвичайно!</em> – У захваті розповідає вчителька. -  <em>Єдине, знаєте, було моральне виснаження. Але людині, яка вперше потрапляє у таку атмосферу і проходить подібні емоції, це, напевно, властиво. Я розумію, що для людей, які проводять такі заходи або часто відвідують, це звичайна справа. А для мене, зізнаюся, це було трішки важко емоційно. Ох, ці емоції&hellip; вони надзвичайно сильно переповнювали.</em></li></ul><p>Голосування за номінанток розпочалося у грудні та тривало до восьмого березня. За результатами читацьких симпатій пані Ольга лідирувала із результатом 25 481 голос у категорії «Натхнення року»! Про свою підтримку розповідає наступне:</p><ul> <li>-<em>Хто лише мене не підтримував! От чесно, я не буду нічого приховувати. До прикладу, коли місцева влада дізналася, що я номінована, то чомусь побачила в мені конкуренцію. У період голосування мене не опублікували на міському сайті, хоча я й мала розмову із заступником мера. Навіть місцеве телебачення&hellip; спочатку запросили мене на інтерв’ю, а згодом зателефонували, вибачилися і сказали, що інтерв’ю у мене брати не будуть. Запорізькі ЗМІ запрошували, а місцевим наказ зверху прийшов, - </em>ділиться вчителька.<em> - Що стосується громадськості, то у нас дуже багатонаціональне місто. У Бердянську маса громад: греки, вірмени, велика єврейська община, болгарська взагалі є найбільшою. Як заступник голови «Української громади», ми проводимо багато спільних заходів і гарно товаришуємо. Уявіть, коли вся вірменська громада за тебе голосує – це дуже приємно. І, звичайно ж, мої учні та випускники. То взагалі окрема тема. Випускники усім гуртожитком голосували. Також завдяки мені багато людей стали активними користувачами Інтернет, - </em>сміється жінка<em>. -  До цього ні у мене, ні у чоловіка, ні в рідних не було ані Гугл-пошти, ані сторінки у Фейсбуці. Зареєструвалися тільки через мене. Не було такого, щоб хтось казав, як цей весь процес набрид. Єдине, під кінець усі запитували, коли вже закінчиться твоє голосування і буде результат. І найбільше приємно те, що от є моменти між волонтерськими об’єднаннями і групами, коли вони трохи не знаходять між собою спільну мову, а це голосування їх об</em><em>’</em><em>єднало.</em></li></ul><p>Потрапила на конкурс «Жінка України» Ольга Войникова завдяки участі в освітньому проекті «Відкривай Україну». Закохана у свою роботу та віддана справі педагогиня заперечує стару систему та ділиться труднощами впровадження нової української школи:</p><ul> <li>-<em>У школі, для своїх учнів, я скоріше друг. Усі вони дорослі, сформовані особистості. Я не давлю на них авторитетом, а виховую розуміння, що вчитель – це друг та порадник, і в жодному випадку не ворог. Бувають труднощі з педагогічним колективом: не всі розділяють таку позицію. Але я бачу результат. І він перевершує усі очікування. Я звикла повністю віддаватися своїй справі. Бо будучи і вчителем, і громадським діячем весь час щось роблю, не стою на місці. Чоловік та донька останнім часом вже ображаються, що мало мене бачать. Але вони – моя найбільша опора. Підтримують всі мої починання та експерименти і витирають сльози, коли сил вже немає. На церемонії вони мене також підтримували та заспокоювали, коли емоції брали верх.</em></li></ul><p>Вольова і сильна Ольга Сергіївна усе ж, за її словами, залишаться тендітною жінкою. Будучи «Натхненням року» вчителька поділилася з нами, які жінки надихають її:</p><ul> <li>-<em>Усі жінки по своїй натурі слабші чоловіків. Раніше я думала, що належу до категорії «І коня на скаку&hellip;». Тепер не так. Все залежить від чоловіка, який поруч. Якщо на роботі і в суспільстві я рішуча, то вдома повністю довіряюся чоловікові. Я зустрічала різних жінок. Небайдужою&hellip;от якою має бути жінка в першу чергу. Бо, повірте, я бачила байдужих жінок – і це найстрашніше. Якими якостями має володіти жінка одразу й не скажу. Думаю, що потрібно просто завжди рухатися вперед. Займатися будь-якою діяльністю: нехай це буде чи то громадська, чи політична, а чи материнська – робити. Весь час щось робити. Я – жінка і я – звичайно людина. Мені приємна ця увага і ця перемога. В нашій країні тисячі жінок заслуговують на неї. Мені пощастило з сильною підтримкою і людьми, які у мене вірили. Із самого ранку я отримую привітання від усіх цих людей. Хочу сказати, що це наша спільна перемога, наша командна робота. Я вдячна всім! І зараз найбільше вдячна долі, що звела мене із Фундацією. Бо однодумці – це надзвичайно цінно!</em></li></ul>'),
(142, 25, 'en', '', '', ''),
(143, 25, 'sk', '', '', ''),
(144, 25, 'pl', '', '', ''),
(145, 25, 'hu', '', '', ''),
(146, 25, 'ro', '', '', ''),
(147, 26, 'uk', '#рекомендації від Павла Горба. 5 професій майбутнього', 'Сьогодні ми розповімо вам таке: чому працювати у сфері культури та креативу це велика перспектива. І визначемо 5 професій майбутнього у сфері креативних індустрій.', '<p>Коли я навчався у школі, для мене слова "культура" та загалом професія у сфері культури рівнялися наступному  - низько оплачувана робота. Перед очима одразу поставав образ прохолодної студії художника чи запилені полиці міського музею. На жаль, думаю, що не один я хворів такими стереотипами.</p><p>За інформацією бюро програми "Креативна Європа" від «Європейської комісії», культурні та креативні індустрії 4,5% світового ВВП з прогнозованим зростанням 10% щорічно! Цей сектор третій за величиною роботодавець у Європі, а у Великобританії він приносить близько 11 млн. євро за годину.</p><p>Окрім грошей, культура та мистецтво кардинально впливають на здоров''я, відчуття щастя, рівень взаємодії і толерантності у суспільстві. А головне, для роботи в креативних індустріях майбутнього потрібно мати лише доступ до Інтернету і велике бажання вчитися та працювати.</p><p>Яку ж з професій обрати? -  Поїхали!</p><p>1. Дизайн. Здавалось б, дизайнери можуть вже святкувати своє століття, але саме сьогодні приходить їхня ера. Кожного дня з''являються нові види дизайну, нові можливості та завдання. Сьогодні і в майбутньому буде зростати попит ринку на VR, 3D принт, Zero UI, гейм дизайн. Перед дизайнерами постануть задачі думати не тільки над візуальним контентом, а й дизайном взаємодій. Цей список далеко не повний і продовжувати його можна бескінчено.</p><p>2. Ось вам одразу три! Тренер творчих станів, куратор креативної творчості, особистий тьютор з творчого розвитку -  і це все дуже різні спеціалізації. Сьогодні ринок коучингових послуг дуже великий і він також буде стрімко розвиватися найближчим часом. Психологія давно вже вийшла з темних кабінетів аналітики у маркетинг, і тепер вона впевнено крокує у програми підготовки спеціалістів. Наука довела, що людський розум та емоційні стани тісно пов''язані з набутим досвідом і людськими звичками. Вміти переживати певні відчуття, надихатись, творити -  це навички подібні до спортивних досягнень. В майбутньому, окрім м''язів, ми качатимемо нейрони та синоптичні зв''язки.</p><p>3. Митці. Так, вам не здалося! Митців, особливо акторів, потрібно буде все більше і більше. Кількість творчого контенту, який щоденно споживається людьми, невпинно росте і для його створення необхідні професіонали у мистецькій галузі. Сьогодні, актори говорять та рухаються у мультфільмах, комп’ютерних іграх, віртуальних екскурсіях тощо. Художники викладають свої акварелі на shutterstock не менше, ніж фотографи свої світлини. Скульптори перейшли в еру цифрового скульптингу. А музика отримала таку диверсифікацію ринку і можливостей для комунікації, що жоден зі стилів не залишиться без роботи. </p><p>4. Спеціаліст з розробки AI (штучного інтелекту). Математика - наука далека від мистецтва. Такий стереотип ми всі ще дуже добре пам’ятаємо, але створення AІ - це не просте написання коду, тут потрібні знання з психології та підхід митця. Сьогодні штучний інтелект вже не фантастика чи секретна розробка військових, а цілком ринковий продукт. Ми зустрічаємо AІ у товарах Alexa Amazom, Google Home, Siri, Aurora і так далі. Список застосування АІ також росте. Нещодавно штучний інтелект виграв змагання зі знання права у 20 професійних юристів. Це здається фантастикою? Тоді читайте далі! :)</p><p>5. А це моє улюбене !:) Android Relationship Advisor (Радник зі зв’язків з людиноподібними пристроями, наділеними штучним інтелектом). Всюди, де є комунікація, є проблеми, ризики, кризи  та методики їх подолання. Час, коли Андроїди та пристрої з АІ будуть асимільовані в наш світ, наступить набагато раніше, ніж ми думаємо, а їх вартість буде стрімко падати. Закон Мура свого часу довів це на прикладі процесорів, хоч і зіткнувся з певними обмеженнями. Проте, вже дуже скоро людство чекає  на момент, який розробники АІ називають "Singularity" - тоді, коли AI стануть розумнішими за людей.</p>'),
(148, 26, 'en', '', '', ''),
(149, 26, 'sk', '', '', ''),
(150, 26, 'pl', '', '', ''),
(151, 26, 'hu', '', '', ''),
(152, 26, 'ro', '', '', ''),
(153, 27, 'uk', '​«Молодь зі Сходу змінює Україну»', 'Денис Блощинський на «TEDx Маріуполь»', '<p>Найпрестижніша світова конференція ТED, на платформі якої зустрічаються кращі винахідники, новатори, генії, інвестори, бізнесмени, політики, які змінюють світ, 31 березня прогримить у Маріуполі. Technology Entertainment Design (технології, розваги, дизайн) – це люди та ідеї, які надихають; це майбутнє, яке починається вже сьогодні; це те, що змінює світ. Для розповсюдження місії ТED&nbsp;у всіх куточках Землі, на локальному рівні проводяться конференції TEDx, які ліцензовані ТED.</p><p>TEDx-конференції проходять в Україні з 2009 року. Столиця та великі міста вже мали нагоду відбути цей захід і тепер ліцензію на проведення конференції отримало ще одне українське місто – Маріуполь.</p><p>Як і класичний TED, TEDx– це не просто виступи успішних людей та перелік їхніх досягнень. Це живі історії. Тут діляться тим, що надихає і дає силу рухатися далі для здійснення грандіозних вчинків. Окрім виставкової зони, де кожен бажаючий зможе продемонструвати свій продукт чи винахід, формат конференції передбачає живе спілкування та можливість обговорення проблемної теми.</p><p>Цьогорічна тема «TEDx Маріуполь» - «Donbass Reset». Це пошук нової ролі Донбасу в українському суспільстві, генерація творчих ідей для розвитку регіону, створення позитивної атмосфери для професійного та особистісного розвитку, зменшення впливу стереотипів. Виступи спікерів закличуть по-новому поглянути на феномен сучасного Донбасу, озирнутися навколо і оцінити досягнуті результати, зміцнюючи вектор розвитку регіону і його місце в країні. </p><p>Денис Блощинський - ідейний натхненник і співзасновник Фундації соціальних інновацій «З країни в Україну» став одним із спікерів цьогорічного «TEDx Маріуполь» із темою «Молодь зі Сходу змінює Україну». Фундація з 2014 року проводить культурно-просвітницький фестиваль «З країни в Україну», який подорожує невеликими містами, Сходу зокрема, і розповідає про різноманіття культурної спадщини нашої країни через лекції та майстер-класи, знайомить із сучасними українськими технологіями та сучасною українською культурою, навчає та допомагає ставати професійними, сотням культурних менеджерів за рахунок ворк-шопів та академій проектного менеджменту. Це спільнота з понад 500 професійних менеджерів, науковців, творчих діячів та понад 1500 волонтерів і активістів з усіх регіонів України. Саме тому, про тему свого виступу Денис Блощинський  розповідає впевнено:</p><p>-&nbsp;<em>Так вийшло, що коли мені запропонували виступити на </em><em>TED</em><em>х, то якось одразу була задана тема про молодь Сходу, яка змінить країну. Я не сильно сперечався із цим. Я бачив багато молоді на Сході, і хоча не можу ідентифікувати людей: ось цей змінить, а цей - ні, не дуже, - він штани не підкачує&hellip; </em><em>в</em><em>се ж таки, щось мені підказує, що у змінах в країні без молоді зі Сходу не обійдеться.</em></p><p>На прохання поділитися, які ж зміни комунікуватиме доповідач на конференції та як, на його думку, молодь Сходу генерує подібні зміни, маємо невеличкий уривок майбутньої доповіді спікера:</p><p>-&nbsp;<em>Про зміни зараз говориться дуже багато. Для них видумуються нові терміни, вигадуються спеціальні посади, ним присвячуються статті та книжки. А, що ми маємо на увазі, коли говоримо, що хтось-там, наприклад, та ж молодь, змінить країну? Як вона її змінить? З чого? На що змінить і, головне, навіщо?</em></p><p><em>Ось промислове місто на Сході&hellip; Йому зле. В нього погана екологія, роздовбані дороги, сірі вулиці. Молодь прийде і змінить місто. Вдягне фільтри на труби, змінить бізнес модель виробництва, побудує дороги, розфарбує вулиці. Так змінить?</em></p><p><em>А ось депутат Петро. Він все життя був держслужбовцем. Батько його держслужбовець. І син його, семикласник, також держслужбовець. А квартир у деклараціях родичів на рядового гостя списку Форбс ТОП100. І маленький маєточок, кімнат так 12, на додачу. А ні! Маєток не рахується&hellip;Він на собаку записаний. Так ось, прийде молодь, відбере у батька маєток, у собаки квартиру, чи навпаки, і займе місце депутата. Так змінить?</em></p><p>А як змінить? І, що воно таке - «змінитися»?</p><p>-&nbsp;<em>Ви знаєте, до Майдану, я жив непоганим собі життям. У мене був і маєток, і кілька машин, і процвітаючий бізнес. Я навіть вважав себе дуже класним патріотом своєї країни. Правда, що собою уявляє моя країна, я не дуже розумів. Окрім Києва, Львова та Одеси бував десь у десятці міст по різні боки Дніпра. Розмовляв російською, пісні писав російською і про Тараса Григоровича був наступної думки: покоління змучене Шевченком ніколи не носитиме такої бороди</em>.</p><p><em>Але&hellip; стався Майдан! І ось тоді я зрозумів, що таке змінитися. Перше, </em><em>це </em><em>побачити, де ти є і чесно дати відповідь на запитання «чому ти тут</em><em>?</em><em>». Друге, усвідомити і щиро відповісти, чи хочеш тут бути? Третє, визначити, куди ти хочеш йти, але не як логічне майбутнє, а як безальтернативну, в інший спосіб неможливу, реальність. І на завершення - звіритися зі своїми цінностями та принципами, обрати цей шлях і більше </em><em>ніколи </em><em>з нього не звертати.</em></p><p>Який результат дають подібні зміни?</p><p>-&nbsp;<em>Чи принесли ці зміни мені комфорт, прибуток, задоволення? Ні, мова не йде про ці категорії та поняття. Вони принесли мені сенс, спроможність стати щасливою людиною та розуміння того, хто я є. Впевнений, що в далекій перспективі і бізнес, і творчість, і все моє життя від цього тільки виграють. Я вже це бачу, вже розумію. Але в короткій&hellip;це все не просто. Дуже не просто.</em></p><p><em>Але&hellip; чи просто балерині вставати на пуанти? Гімнасту сідати на шпагат, йогу скручуватися у надскладну асану, а віртуозу-гітаристу розчинятися пальцями в музиці? Чи просто побудувати бізнес-імперію, зробити неймовірний фестиваль і, власне, провести вдалий </em><em>TED</em><em>х?</em></p><p><em>Будь-які зміни, на краще, на</em><em> якісне</em><em> удосконалення, не можуть бути простими і відбуватися самі по собі.</em></p><p>Щоб почути виступ Дениса Блощинського повністю, а також познайомитися із темами інших спікерів, необхідно попередньо зареєструватися, заповнивши анкету. 31 березня 2018 року об 11:00 у Міському центрі художньо-естетичної творчості учнівської молоді (пр. Металургів, 19) відбудеться «TEDx Маріуполь». Кількість місць відвідувачів обмежена. Але ті, хто не встигне зареєструватися, зможуть спостерігати за подією через онлайн-трансляцію на офіційній сторінці «TEDx Маріуполь» в Інтернеті. </p><p>TEDx – це не звичайна університетська лекція! Це вільний простір, в якому немає місця маніпуляціям.&nbsp;Це престижна, сучасна подія, в якому куточку Землі вона б не проходила. </p><p>Не пропустіть! Надихайтеся разом із Фундацією соціальних інновацій «З країни в Україну» на TEDx Маріуполь вже в цю суботу. Творімо позитивні зміни разом!</p>'),
(154, 27, 'en', '', '', ''),
(155, 27, 'sk', '', '', ''),
(156, 27, 'pl', '', '', ''),
(157, 27, 'hu', '', '', ''),
(158, 27, 'ro', '', '', ''),
(159, 28, 'uk', '​#рекомендації від Павла Горба. Українські комікси дадуть фору Marvel Comics', 'Сьогодні, у нашій постійній рубриці #рекомендації від Павла Горба, 5 найкращих українських коміксів, які захоплють з першої картинки і, без сумнівів, варті Вашої уваги.', '<p>У нашій Фундації усі працівники затяті книголюби. Не залежно від жанру, ми частенько обговорює та ділимося порадами, у тісному колі, що варто прочитати. А от наш Павло Горб пішов трохи далі. І сьогодні, у рубриці #рекомендації від Фундації, він презентує Вашій увазі добірку «послідовних зображень», за визначенням Скотта МакКлауда, або простіше – коміксів.</p><p>  Хочу розповісти про новий, для України, культурний продукт - комікси! Розкажу, чому він такий важливий, які склалися стереотипи щодо коміксу та про п’ять українських коміксів, з якими варто познайомитися як підліткам, так і дорослим. Говорячи про культурні продукти, ми часто стикаємось із різними стереотипами. Театр та опера - це для інтелігентів, кіно - для всіх, мультики - для дітей, а бабуся&hellip;бабуся слухає радіо Єра.</p><p>Коли Україна жила під радянським прапором, то книжечки, з одних лише малюнків, вважалися дитячою забавкою. Сьогодні комікси вважаються категорією підліткових інтересів і, часто, батьки стурбовано питають: «Коли ж ти вже подорослішаєш?». </p><p>На жаль, думка про те, що комікси - для всіх, а їх створення - цілком перспективна професія, заблукала десь на кордоні в Карпатах. Насправді, комікси абсолютно «безвіковий» продукт. В них з’явилися свої стилі, жанри, напрямки і навіть форми. Ось, до прикладу, Ви чули про графічну новелу? А про стиль Нуар? Комікси - не лише продукт популярної культури, це мистецтво, яке інтерпретує актуальні проблеми сьогодення. Яскравим прикладом цього є культові графічні новели, такі як «Маус» та «Боун», котрі назавжди змінили ставлення до коміксу.</p><p>Пропоную Вашій увазі добірку українських&nbsp;коміксів, які стануть чудовим початком власної графічної бібліотеки.</p><ul> \r\n<li><strong>«</strong><strong>Воля. The Will</strong><strong>»</strong> -  сьогодні це, звісно, найвідоміший в Україні комікс, який виконаний на рівні міжнародних стандартів якості як в графічному,&nbsp;так і в сценарному плані. Комікс розказує альтернативну історію України часів революції та визвольних змагань 1917-20 років. Минуле у стилі steam-punk, Махно та гетьман Скоропадський, зомбі-комуністи, яких розстрілює Професор Грушевський. Багато відомих та яскравих героїв тих часів стали персонажами цього захоплюючого шедевру.Проект коміксу реалізувала велика команда спеціалістів UgarProduction спільно з видавництвом AsgardianComics.</li><li><strong>«</strong><strong>Сакрофаг</strong><strong>»</strong> -  це одна із 3-х графічних новел (Сакрофаг, Сон та Світ 912), що увійшли в добірку Андрія Данковича. Новели не об’єднані сюжетом, їх поєднує тематика наукової фантастики. Твори Данковича знайшли своїх прихильників не тільки в Україні, а й закордоном. Він став першим, з українських авторів коміксів,кого було запрошено на Комі-Кон у Сан Дієго - найбільший у світі захід, що об’єднує прихильників коміксів та збирає сотні тисяч відвідувачів.</li><li><strong>«</strong><strong>Серед овець</strong><strong>»</strong> - комікс Олександра Корешкова видавництво Vovkulaka. Це гостро-соціальний політичний трилер. Історія про світ, в якому замість людей живуть вівці, свині, вовки та інші оруелівські прототипи. Наш герой - собака, якому потрібно миритися і жити у світі,  сповненому овець, кожного дня відчуваючи страх бути собою. Графічний серіал - це яскрава алегорія радянського та й, насправді, сучасного суспільства, де бути вільним, бути індивідуальністю - злочин проти режиму мас.</li><li><strong>«</strong><strong>Хроніки Аптауна</strong><strong>»</strong> -  це серіал-комікс, який є у вільному доступі в мережі. Твір розповідає про групу месників, не супергероїв, а звичайних людей, які об’єдналися задля боротьби з корупцією. Вони не бачать іншого суду та виходу, як самим стати суддями, прокурорами та виконавцями вироку. Це єдиний, на їхню думку, шлях у державі, де все куплено. Комікс реалізує команда Михайла Пімонова - інтернаціональний колектив,у якому працюють українці, греки та шотландці.</li><li><strong>«</strong><strong>Герой по Неволі</strong><strong>»</strong> - це графічний роман Кирила Горішного та Михайла Тимошенка, за твором Івана Франка, від видавництва «Леополь». На мою думку, це не тільки чудовий комікс, а й революціний підхід для популяризації української літератури.</li></ul><p>Сьогодні, порівняно з іншими країнами, в Україні ще дуже мало коміксів та  читачів цього продукту. Однак, дуже багато тих, хто чекав часу, коли масова українська культура нарешті «легітимізує» комікси.</p><p>Чи любите комікси Ви і про що, на Вашу думку, мають бути українські комікси, які з’являться уже завтра? У Фундації ми задалися цим питанням, тепер ставимо його і Вам!</p>'),
(160, 28, 'en', '', '', ''),
(161, 28, 'sk', '', '', ''),
(162, 28, 'pl', '', '', ''),
(163, 28, 'hu', '', '', ''),
(164, 28, 'ro', '', '', '');
INSERT INTO `news_i18n` (`id`, `news_id`, `language`, `title`, `short`, `text`) VALUES
(165, 29, 'uk', '​Хороші зміни невідворотні! Питання, а чи готовий до них ти?', 'Альона Матвієнко, менеджерка освітнього проекту «Відкривай Україну», відвідала дружній захід, ініційований ГО «Про.Світ». «Роль громади у розвитку школи та шкільних проектів»: Що? Як? Навіщо? – Якщо не були, то читайте!', '<p>Нещодавно наша колега мала нагоду відвідати панельну дискусію на тему «Роль громади у розвитку школи та шкільних проектів», яку організувала ГО «Про.Світ». Наразі тема вкрай актуальна у нашому суспільстві, особливо, з часу прийняття закону про децентралізацію та початку створення громад. Нарешті прийшло розуміння, що об’єднуючись, люди можуть впливати на якість свого життя та генерувати позитивні зміни у майбутньому. Питання, на які Фундація соціальних інновацій «З країни в Україну» намагається відповідати, втілюючи освітні та культурні проекти по всій Україні, ми часто розглядаємо на дружніх обговореннях та залучаємося в процес взаємодії із іншими організаціями. Сьогодні своїми враженнями та короткими оцінками заходу «Роль громади у розвитку школи та шкільних проектів» ділитиметься менеджерка освітнього проекту «Відкривай Україну» - Альона Матвієнко.</p><p><strong>Про захід:</strong> Формат заходу подібний до міні-презентації, де представляли свої здобутки співпраці школи та громади, а також ділилися досвідом вирішення конкретних проблем вчителі та учні з сіл та міст різних областей. Проблематика була занадто близька тій, яку вирішує освітній проект «Відкривай Україну», тому ниточки спільного клубочка часто перепліталися. Люди, що брали участь у панельній дискусії стали учасниками проекту «Пілот 24», який організувала ГО «Про.Світ» за фінансування Western NIS Enterprise Fund та успішної участі проектів на краудфандинговій платформі «GoFundEd». Це надихаючі проекти, які змушують повірити конкретних людей у свої сили, адже є підтримка та взаєморозуміння. За допомогою п’яти блоків тренінгів та лекцій, частина вчителів обраних шкіл, почали використовувати різноманітні інноваційні методи взаємодії із колегами та учнями. Такий підхід допомагає сфокусувати бачення розвитку їхніх шкіл, сформувати команди однодумців та внести зміни у свою громаду. </p><p><strong>Історії змін</strong>: Учасники дискусії в один голос розповідали, що, звісно, зустрічалися зі спротивом як з боку колег, так і з боку влади. Та, не зважаючи на це, продовжували працювати  та власними діями переконувати оточення у реальності втілення задуманого. До прикладу, Наталія Коваленко, директорка Кагарлицької школи №3, зрозуміла на власному досвіді: <em>«Успіху досягає той, хто робить те саме, що й усі, але не так, як усі»</em>. Цьому переконанню передує великий досвід та величезна робота над проектами і змінами у підході до навчального процесу. Цікавим фактом виявилося те, що представники кагарлицької школи мали невеличкий досвід участі в проекті «Відкривай Україну», що дав їм поштовх шукати нових джерел розвитку. Зараз, школи, які пройшли глибинні перетворення, стали лідерами та інноваторами серед своїх колег. Самі ж учні підтверджують, що їм стало цікаво ходити в школу та з’явилася мотивація. Тепер діти переступають шкільний поріг не лише тому, щоб зустрітися із друзями, а й для того, щоб навчатися. </p><p><strong>Оцінка:</strong> Коли відбувається синергія у команді, то результати не змушують чекати. Перше, через кого починали діяти активні вчителі, це, звичайно, учні. Школярі, в свою чергу, через батьків доносили ідеї та перспективи проектів. Важливість підтримки з боку найближчого оточення неоціненна. Подібна картинка взаємодії функціонувала і на проекті «Відкривай Україну», тому, на мою думку, вона є чи не найбільш успішною. </p><p>Залишилась осторонь інша частина громади, в обличчі місцевих підприємців та влади. Вона хоче долучатися та частково пропонує свою допомогу, її лише потрібно поступово готувати до змін. На панельній дискусії обговорювали питання важливості висвітлення інформації  про проекти та позитивні дії  у  ЗМІ, презентацію своїх ідей на засіданнях міських та сільських рад, постійні перемовини з бізнесом і тими людьми, які є успішними першопрохідцями у схожих проектах. Якщо коротко, то - запалювати всіх навколо своєю ідеєю та спілкуватися, спілкуватися, спілкуватися. Інформаційне висвітлення – ще один гарний інструмент роботи, про який можемо говорити з власного досвіду проведення наймасштабнішого Всеукраїнського освітнього проекту «Відкривай Україну». </p><p> Звичайно, аби підтримувати мотивацію команди необхідно постійно працювати над викликами і, з максимальною користю, їх долати. Без цього неможливий розвиток. Школа хоче і може стати осередком створення громади, бути її основним рушієм. Із заходу, для себе виокремила важливу думку: <em>«Громада повинна йти пліч-о-пліч з освітою, тільки так можна досягати успіхів!»</em>. </p><p><strong>P</strong><strong>.</strong><strong>S</strong></p><p><strong></strong>Цікавою стала презентація Євгенія Клопотенка – переможця 5 сезону кулінарного шоу Майстер-Шеф України. Кулінар презентував свій проект змін рецептів у меню шкільних їдалень. Надзвичайно висока мотивація та прості пропозиції, які кардинально допоможуть змінити відношення учнів до шкільної кухні. Ще одне підтвердження лейтмотиву вечора: <em>«Роблячи все можливе на своєму місці, досягнеш великих і бажаних змін!»</em>.</p>'),
(166, 29, 'en', '', '', ''),
(167, 29, 'sk', '', '', ''),
(168, 29, 'pl', '', '', ''),
(169, 29, 'hu', '', '', ''),
(170, 29, 'ro', '', '', ''),
(171, 30, 'uk', '#рекомендації від Павла Горба. 5-ть музеїв України', 'Павло Горб рекомендує 5-ть музеїв України, котрі, хоча б раз у житті, має відвідати кожен українець.', '<p>Цей рік Європа оголосила роком збереження культурної спадщини.Тому, сьогодні мова піде саме про це. Коли Ви востаннє були у музеї? Мабуть, у школі, чи з дітьми, які ще там навчаються. Сьогодні я підготував для Вас добірку музеїв, котрі варті Вашої уваги.</p><p><strong>&nbsp;Музей Космосу в Переяслав-Хмельницькому</strong><strong>.</strong>Цей музей вражає хоча б тому, що він знаходиться у старій дерев’яній церкві. У самому музеї неймовірна кількість експонатів: фотографії, документи, реальні речі розроблені для космонавтики та макети космічної апаратури і тому подібне. Щоб насолодитись переглядом усього цього, Вам необхідно мати про запас більше половини доби. Ще Переяслав-Хмельницький варто відвідати тому, що музеїв у цьому невеличкому місті сила-силенна.</p><p><strong>Опошня. </strong>Музей-село, а саме музей гончарства під відкритим небом. Це просто унікальна, за своїм значенням та красою, місцина. Село розкинулося на березі річки Ворскла у Полтавській області. Історія гончарства в Опошні розпочинається з XII ст, а перші поселення були тут ще у далекому неоліті. Працюють з глиною тут геть усі, і геть усе довкола оздоблено гончарними виробами - від глиняних скульптур та черепиці, до декору парканів і стежин.</p><p><strong>Качановка.</strong> Це мальовничий палаццо-парковий комплекс,  недалечко від села Ічня, Чернігівської області. Милуючись його краєвидами та архітектурою, Ви, мимоволі, потрапляєте на сторінки роману «Війна і Мир». Ось мить і, здається, з-за рогу вийдуть пані в сукнях із довжелезними шлейфами, десь почується тупотіння кінських копит, а зі старої альтанки на березі річки зазвучить музика Глінки. Власне, це не було б дивно, адже великий композитор жив у Качанівці, а в старій альтанці ще й досі стоїть рояль, на якому композитор творив свої роботи. Та, мабуть, найбільше вражають парки, озера та сам палац Качанівки. Ці краєвиди спокусили Штернберга та Волскова залишити нам прекрасні шедеври живопису.</p><p><strong>Музей ім. Романа Кумлика.</strong> Високо, серед вершин сивих Карпат, лунає трембіта і флояра, і басоля, і цимбали, і&hellip; і ще сотні інших інструментів. То «звучить» будинок-музей Романа Кумлика! Цей шановний гуцул, що живе у Верховині, не лише файний музика, а й збирач українських народних інструментів. За багато років пан Роман перетворив свою оселю на справжнісінький музей, де часто приймає туристів і гостей. Не зважаючи на літа, сивочолий музикант досі грає та виступає на весіллях і концертах. Будете в Карпатах - не минайте!</p><p><strong>Музей «Машини часу».</strong> Якщо Ви полюбляєте старі авто, раритетні речі та звуки патефону -  Вам потрібно приїхати У місто Дніпро. Саме тут знаходиться найбільший в Україні музей старих автомобілів. Тут Ви знайдете не лише самі авто, а й їх мініатюрні моделі, речі та атрибути минувшої епохи, а ще зробите купу файних світлин! А якщо у Вас є діти, то це саме той музей, який їм на 100% припаде до душі з першого разу!</p><p>То ж, друзі, не гайте часу! Нумо по музеях разом із нами - Фундацією соціальних інновацій «З країни в Україну».</p>'),
(172, 30, 'en', '', '', ''),
(173, 30, 'sk', '', '', ''),
(174, 30, 'pl', '', '', ''),
(175, 30, 'hu', '', '', ''),
(176, 30, 'ro', '', '', ''),
(177, 31, 'uk', '«Мобільний культурний центр». Рубіжне на старті!', '21 квітня стартує проект «Мобільний культурний центр» команди-випускників двох Академій «Культурного майнінгу» з міста Рубіжне. Інформація з перших уст від керівниці проекту Галини Янченко.', '<p>Кінець зими і початок весни у Харкові ознаменувалися втіленням унікальної методики навчання менеджерів культурного напрямку, громадського сектору та проектних менеджерів у сфері урбаністики. «Культурний майнінг», проект ініційований Фундацією соціальних інновацій «З країни в Україну», зібрав під своїм крилом дванадцять міст Луганської та Донецької областей.</p><p>Представники зазначених сфер, згуртувавшись у команди від міста, пройшли два модулі інтенсивних навчань. Самостійно розробивши і подавши заявки на власні проекти, як результат плідної і клопіткої праці, всі команди, без винятку, отримали гранти.</p><p>Ми поспілкувалися з учасницею двох Академій «Культурного майнінгу» Галиною Янченко, котра стала керівницею проекту «Мобільний культурний центр». Проект стартує 21 квітня 2018 року у місті Рубіжне, а на його реалізацію команда міста отримала грант у розмірі 70 000 грн. За фахом жінка педагог ІЗО студії, де навчається 80 дітей різної вікової категорії. Мама, дружина, ведуча-організатор заходів. Свою участь у проекті вважає випадком долі: <strong><em>«Участь у проекті для мене випадковість. Це те, про що кажуть «</em></strong><strong><em>оказалс</em></strong><strong><em>я</em></strong><strong><em> в нужном месте в нужное время»</em></strong><strong><em>. Колега по роботі підійшла до мене під час занять і спитала, чи не бажаю я заповнити анкету на навчання у проекті «Культурний Майнінг»? Я подумала, чому б і ні. Що це таке і з чим його їдять я не знала, але вирішила для себе, що в моєму житті випадковостей не буває, тому, заповню. Це сталося за дві години до дедлайну».</em></strong></p><p>Проект «Мобільний культурний центр», який команда Рубіжного презентувала на Академіях «Культурного майнінгу», запускається в роботу 21 квітня. Учасники проявили не аби яку активність протягом навчань і на питання, як сформувалася така амбітна команда, маємо наступне: <strong><em>«Формування команди відбулось стихійно, кожен з нас заповнював анкету, не знаючи з ким буде у команді. Перше знайомство відбулося в автобусі, який уже прямував у Харків на Першу Академію. Хоча у місті, звичайно, ми перетинались на різних заходах, може тому, що у нас активна позиція&hellip; Окрім мене, в команді є Мєняєва Ганна – завідуюча екологічним напрямом у Комплексі позашкільної роботи з дітьми, Никитенко Дар’я – студентка Східноукраїнського Університету ім. Даля, адміністратор ГО «Громадській дім», Северін  Олександр – студент Східноукраїнського Університету ім. Даля, представник студентства, волонтер ГО «Громадській дім» та Коваленко Олексій – студент Рубіжанського політехнічного коледжу, голова студради».</em></strong></p><p>«Мобільний культурний центр» - це пересувна кампанія, яка не має рамок стаціонарності і направлена на роботу з групами дітей, які мешкають в одному мікрорайоні міста. Спрямований на дітей 12-14 років, проект має за мету – створити умови для підвищення рівня залученості та активності дітей у інтелектуальних іграх, які призведуть до формування команди дітей–тренерів та створення клубів з інтелектуальної гри.</p><p>Виконання проекту полягає у створенні циклу інтелектуальних ігор під назвою «BigBrainBattle» («3В»), які містять у собі елементи ігор формату: медіа-абетки, ЩДК, Брейн-ринг, Крокодил, Еліас, Букви, Асоціації. Ці ігри будуть проводитися у неформальній обстановці на відкритих майданчиках мікрорайонів міста. Планується два етапи проведення: відбіркова гра та міський чемпіонат. Кожна гра складається із декількох частин: показ соціального ролика, гра «Питання - відповідь», формування команд, ознайомча гра, основна гра «3В». На допомогу учасникам буде створена команда підтримки з вчителів та батьків. Анкетування та спостереження  за учасниками гри визначать найбільш активних з них - майбутніх дітей-тренерів, які зможуть навчати нових учасників правилам гри та створювати власні клуби за інтересами. </p><p><strong><em>«Ідея проекту «Мобільного культурного центру» і на початку, і на при кінці Академій, практично, залишилась без змін, але трошки звузилась у віковій категорії. У світі технічного прогресу люди спілкуються за допомогою приладів, які підкажуть необхідне слово, виправлять помилки. Але ці прилади обмежують особистий контакт, можливість находити спільні варіанти рішень, критично мислити, ділитись енергією. Дорослим легше, бо вони вже сформовані особистості, а у дітей виникає багато труднощів у спілкуванні та самореалізації. Команда гра та ще й інтелектуальна - це гарне рішення існуючої проблеми. Тому, проект потрібен не тільки нашому місту, але й кожному куточку нашої великої країни», - </em></strong>говорить керівниця.</p><p> Під час роботи над проектом, команда з Рубіжного вирішила створити власну ГО у своєму місті з однойменною назвою – «Мобільний культурний центр з регіонального розвитку». Галина Янченко відкоментувала такий вчинок, як необхідність: <strong><em>«Вже до виїзду на Другу Академію ми зрозуміли необхідність створення власної ГО, бо неможливо за 45 днів змінити мислення і спосіб життя людей. Тому, з’явилась ГО «Мобільний культурний центр регіонального розвитку», яка не тільки буде продовжувати реалізовувати інтелектуальну гру «3</em></strong><strong><em>B</em></strong><strong><em>», а й має за мету ті ідеї, які народились ще під час Першої Академії і які ми будемо втілювати у життя».</em></strong></p><p>Ми щиро вболіваємо за нові починання наших випускників, адже результатом проекту «Культурний майнінг», який ставила перед собою Фундація соціальних інновації «З країни в Україну», було створити  ком’юніті кваліфікованих проектних менеджерів у кожному з дванадцяти міст, які будуть готові реалізовувати важливі проекти для свого міста.</p><p><strong><em>«Дві Академії дали купу знань, яких ми не мали раніше, розуміння своїх цінностей, можливість навчатися у видатних людей, які нас підтримували при захисті проектів, - </em></strong>ділиться Галина Янченко<strong><em>, - Академія подарувала нам десять безсонних ночей і багато гарних, веселих, активних друзів із 11 міст нашої славетної східної України. Не забули наші організатори і про духовний бік – театри!!! А головне – вміння будувати відносини, прислухатися, відстоювати свої ідеї і бачити безмежні можливості у створенні нових проектів для наших міст».</em></strong></p>'),
(178, 31, 'en', '', '', ''),
(179, 31, 'sk', '', '', ''),
(180, 31, 'pl', '', '', ''),
(181, 31, 'hu', '', '', ''),
(182, 31, 'ro', '', '', ''),
(183, 32, 'uk', 'Флешмоб #ЩастиНаЗНО стартує на підтримку випускників', '25 квітня стартує із флешмобом #ЩастиНаЗНО. Як взяти участь? Читай нижче!', '<p><strong></strong></p><p>25 квітня стартує флешмоб <strong>#ЩастиНаЗНО 2018</strong>, який Фундація соціальних інновацій «З країни в Україну» вже вдруге проводить на підтримку заключної частини шкільного життя підлітків – ЗНО. Останній місяць перед ЗНО випускники перебувають у стані деструктивного стресу, який нерідко «підігрівають» як вчителі, так і батьки. Ми хочемо привернути увагу суспільства до цієї проблеми і підтримати підлітків у цей відповідальний, для них, період!</p><p>Цьогоріч флешмоб поділиться на дві частини:</p><p><strong>Перша частина – </strong><strong>ONLINE</strong><strong>, у&nbsp;</strong><strong></strong><strong>funny&nbsp;</strong><strong></strong><strong>формат</strong><strong>і  – стартує 25 квітня:</strong></p><p><strong></strong>У своїй соціальній мережі Тобі потрібно викласти фото із намальованим плакатом «ЩастиНаЗНО». У пості, під фото, Ти можеш поділитися власною  історією про те, як здавав ЗНО, або ж підтримати одинадцятикласників словами і побажати успіхів! Не забудь обов’язково додати хештег #ЩастиНаЗНО, щоб ми та цьогорічні випускники могли бачити Твою підтримку.</p><p><strong></strong></p><p>До речі, подібну історію ти можеш прослідкувати минулого року. Адже до флешбому «ЩастиНаЗНО» у 2017 році долучилося близько 500 000 охочих. Окрім, людей дотичних до ЗНО, школярів підтримали відомі музиканти (Green Grey, дует Анна-Марія, Epolets, БЕЗ ОБМЕЖЕНЬ), актори студії «МАМАХОХОТАЛА», телеведучі каналів Прямий, 1+1, 5 канал, НЛО та Міністр Освіти - Лілія Гриневич.</p><p>Цього року ми хочемо, аби ще більше людей підтримало наших випускників пройти фінальний етап шкільного життя із мінімальним стресом та вірою у свої сили.</p><p><strong>Друга </strong><strong>OFFLINE</strong><strong> - </strong><strong>Основна антистресова частина – 7 травня.</strong></p><p>7 травня відбудеться круглий стіл, де Фундація соціальних інновацій «З країни в Україну» збере вчителів, батьків і одинадцятикласників, які цього року готуються до здачі ЗНО. Будемо говорити про те, як стрес впливає на результати іспитів. Як боротися зі стресом та як покращити показники іспиту. Отримаємо поради від психологів і, спільно з учасниками круглого столу, розробимо перелік індивідуальних порад.</p><p><strong>Заключний етап Основної антистресової та Фанової частин флешмобу </strong><strong>#ЩастиНаЗНО 2018</strong><strong> відбудеться 22 травня - у день складання першого іспиту</strong>. Ми плануємо організувати «групи підтримки» під школами Києва і забезпечити усім учасникам навчального процесу (учні-вчителі-батьки) гарний настрій і крутезні селфі.</p><p><strong>ДОЛУЧАЙСЯ ДО </strong><strong>#</strong><strong>ЩастиНаЗНО 2018!</strong></p><p><strong>ПІДТРИМАЙ МОЛОДЬ РАЗОМ ІЗ НАМИ!</strong><strong></strong></p>'),
(184, 32, 'en', '', '', ''),
(185, 32, 'sk', '', '', ''),
(186, 32, 'pl', '', '', ''),
(187, 32, 'hu', '', '', ''),
(188, 32, 'ro', '', '', ''),
(189, 33, 'uk', '​Фундація про панельну дискусію «У пошуках балансу: чи можлива рівність у шкільній освіті?»', 'Сьогодні розкажемо Вам про панельну дискусію «У пошуках балансу: чи можлива рівність у шкільній освіті?», на якій побувала менеджерка освітнього напрямку Фундації соціальних інновацій Альона Матвієнко.', '<p>А як Ви ставитеся до прийняття різних ролей, які ми приміряємо на себе протягом усього життя? До прикладу, на роботі Ви – колега, керівник чи підлеглий, людина з вищою чи середньою освітою; вдома – дружиначи чоловік, донька чи син, сестра чи брат, або ж подруга чи друг. Скільки цих ролей ми змінюємо за день? І чи задумуємося ми, коли відбувається той самий момент «перевдягання» у іншу роль? Чому так часто відчуваємо дискомфорт, приходячи на нове місце роботи, або у новий колектив? Чи впливає це на нашу цілісність та гармонію життя? Що може бути корисним для розвитку особистості, а що, навпаки, зашкодити?</p><p>Працюючи зі школярами по всій країні, команда проекту «Відкривай Україну» зауважила одну із важливих проблем у державній системі освіти – це імперативність прийняття рішень, що заснована на жорсткій ієрархії та статусності. Звичайно, найбільше це відчувають діти (учні), адже вони знаходяться в основі цієї піраміди і рідко можуть втрутитися у процеси навчання. За них вирішують дорослі (вчителі, адміністрація, батьки): як краще, як цікавіше, як правильніше, як успішніше&hellip; не ставлячи ці питання дітям. </p><p>Менеджерка освітнього напрямку Фундації соціальних інновацій «З країни в Україну» Альона Матвієнко відвідала  панельну дискусію «У пошуках балансу: чи можлива рівність у шкільній освіті?» організовану ГО «Освітній експеримент» у рамках <a href="https://www.facebook.com/DocudaysUA/?fref=mentions">Міжнародного фестивалю документального кіно про права людини –</a> <a href="https://www.facebook.com/DocudaysUA/?fref=mentions">Docudays UA</a> і готова поділитися почутим та побаченим.</p><p><strong>Формат заходу:</strong> Більше практики, ніж теорії. На заході не лише говорилося про рівність усіх учасників освітнього процесу та спроможність дітей робити власний освітній вибір, але й показувалося це на практиці. Так, модераторами першої частини стали підлітки, які допомагали побудувати діалог між експертами з освітніх питань, вчителями, батьками та присутніми у залі. Під час другої частини дискусії дорослі й підлітки помінялисямісцями. І висловлювали свою думку вже зсередини навчального процессу. Такий формат заходу дає чітко зрозуміти – голос кожного важливий. Всі є на однаковому рівні та мають власні права.</p><p><strong>Спікери першої частини: </strong><strong></strong></p><p>Анастасія Леухіна –  співзасновниця Освітній експеримент, мама хоумскулера.</p><p>Валентина Мержиєвська – засновниця та викладачка БеркоШко. </p><p>Світлана Олексюк – директорка школи №5 Печерського району міста Києва.</p><p>Інна Гаврилюк – психотерапевт, тренер та координатор проектів Bodynamicinternational в Україні.</p><p>Модератор – Нікіта Шульга (12 років).</p><p><strong>Спікери другої частини дискусії:</strong><strong></strong></p><p>Клим Леухін (12 років) - хоумскулер з 2014 року.</p><p>Нікіта Шульга (12 років) – співзасновник проекту Компола, хоумскулер з 2017 року.</p><p>Оленка Діхтярук (15 років) - засновниця Простір вільних думок Gromadaspace, учениця Шевченківського НВО.</p><p>Іванка Кравцова – учениця домашньої школи БеркоШко. </p><p>Модераторка – Валентина Мержиєвська.</p><p><strong>Враження: </strong>Сумною тенденцією, про яку йшлося під час фестивальних дискусій, є погіршення ситуації з дотриманням прав дитини в нашій країні. Це питання досі не потрапило до пріоритетів вітчизняної держполітики, про що зазначають експерти Української Гельсінської спілки з прав людини. Як виявляти шкільний булінг (цькування) і припиняти його, якими є потреби дітей, чи здатна й готова держава дати їм право самостійно вибирати формат і темп навчання, чи можливе партнерство у форматі вчитель-учень-батьки &mdash; про це йшлося під час панельних дискусій «У пошуках балансу: чи можлива рівність у шкільній освіті?».<strong></strong></p><p>Школа займається  навчанням , але потрібно пам’ятати - її система також формує особистість. Тому, виникає питання – чи зможе навчання у нашій школі допомогти людині стати успішною не «всупереч», а «завдяки»? Чи здатен колектив вчителів та колектив дітей сформувати певний шкільний організм, який буде розвиватися найбільш гармонійно, враховуючи індивідуальні особливості? Моя відповідь – так! Адже варто просто спробувати зробити крок назустріч. Перш за все, ми всі – люди! Здається, так просто і зрозуміло, але як складно перелаштуватися та відмовитися від формалізму або стереотипів. </p><p>Під час проекту «Відкривай Україну» ми чули такі фрази від дітей і вчителів: «Нас не чують бо: </p><p>- я учень і не можу знати краще за вчителя;</p><p>- я простий вчитель і не можу впливати на прийняття рішень;</p><p>- я дитина і не можу задавати такі запитання...і тд;</p><p>- я не можу робити власний вибір, бо це не правильно!» </p><p>Такі фрази ставлять під сумнів свободу вибору та підривають впевненість у собі&hellip;</p><p>Будучи гнучкими, вчителі можуть забезпечити процес навчання комфортністю та побувати справжню команду однодумців. Стара система, у рамках якої перебувають школярі, лише звужує коло їх розвитку та можливостей. На дискусії з цим погодилися як самі учні, так і доросла аудиторія. Партнерство у форматі вчитель-учень-батьки – принцип, що має стати у першості будь-якого навчального процесу.&nbsp;</p>'),
(190, 33, 'en', '', '', ''),
(191, 33, 'sk', '', '', ''),
(192, 33, 'pl', '', '', ''),
(193, 33, 'hu', '', '', ''),
(194, 33, 'ro', '', '', '');
INSERT INTO `news_i18n` (`id`, `news_id`, `language`, `title`, `short`, `text`) VALUES
(195, 34, 'uk', '​ОКО-програми. Фундація запускає третій напрямок - охорона здоров’я', 'Фундація соціальних інновацій «З країни в Україну» впроваджує новий напрямок діяльності - охорона здоров’я. Денис Блощинський розповів про реалізацію ОКО-програм та розкрив таємницю перших пілотних проектів.', '<p>Фундація соціальних інновацій «З країни в Україну», яка з 2014 року генерує розвиток освітнього та культурного напрямків в Україні, на підсумковому звіті своєї діяльності 2017 року оголосила, що впроваджує третій напрямок – охорона здоров’я. Такі дії стали відголоском нової медичної реформи, за яку парламент остаточно проголосував ще 19 жовтня 2017 року. Отримавши офіційний підпис президента лише під Новий рік, з 2 квітня 2018 року розпочався її перший етап, коли всі українці мають підписати декларацію із сімейним лікарем - "страховий поліс" кожного пацієнта з конкретним списком послуг.</p><p> За допомогою законопроекту №6327 МОЗ сподівається викорінити хабарі та заохотити лікарів приймати більше пацієнтів. Квітень 2018 року став точкою запуску нової системи, яку охрестили "гроші ходять за пацієнтом". </p><p>Сьогодні ми поспілкувалися із співзасновником та ідейним натхненником Фундації соціальних інновацій «З країни в Україну» Денисом Блощинським про медреформу та її безпосередній відголосок у запуску нової гілки проектної діяльності Фонду – охорони здоров’я і реалізації ОКО-програм.</p><p><strong></strong><strong><em>«</em></strong><strong><em>ОКО-програм</em></strong><strong><em>и – це </em></strong><strong><em>програми </em></strong><strong><em>у</em></strong><strong><em> напрямках Освіти, Культури і Охорони здоров''я. На нашу думку</em></strong><strong><em>, </em></strong><strong><em>саме реалізація подібних програм </em></strong><strong><em>у</em></strong><strong><em> масштабі всієї країни і допоможе еволюці</em></strong><strong><em>о</em></strong><strong><em>нувати українському суспільству - перетворитися із на</em></strong><strong><em>б</em></strong><strong><em>ору поодинок</em></strong><strong><em>и</em></strong><strong><em>х груп та спільнот у різноманітне громадянське суспільство. </em></strong><strong><em>У</em></strong><strong><em> нашій теорії змін ці три напрямки дуже тісно переплітаються і складають основу гуманітарної політики держави, яка побудована навколо людини та її потреб. Саме реалізація людини </em></strong><strong><em>у</em></strong><strong><em> цих трьої площинах</em></strong><strong><em> (Освіта, Культура, Охорона здоров</em></strong><strong><em>’я – ОКО) стає запорукою для її руху у бік щастя</em></strong><strong><em>»</em></strong><em>,</em><em>-</em>так співзасновник відкоментував розширення діяльності Фундації і пояснив, чому поряд з освітою та культурою постала потреба включити напрямок охорони здоров’я. <strong>– <em>М</em></strong><strong><em>и чітко усвідомлюємо той пласт проблем, який перетинається з освітніми і культурними напрямками еволюції українського суспільства. Ставлення до лікарів, до свого власного здоров''я, піклування про здоров''я своїх близьких - це базові безпекові речі для країни, які дуже тісно перетинаються з освітнім компонентом і тими культурними традиціями і стереотипами, які є у суспільстві. Саме тому, на нашу думку, ці двері у свідомість українських громадян, потрібно відкривати щонайшвидше</em></strong><strong><em>».</em></strong></p><p>На питання мро майбутні ініціативи, Денис Блощинський привідкриває таємницю перших пілотних проектів у сфері охорони здоров’я, які Фундація планує запустити найближчим часом: <strong><em>«Медицина ближче&hellip; </em></strong><strong><em>Проект, який</em></strong><strong><em> ми плануємо</em></strong><strong><em> реаліз</em></strong><strong><em>увати</em></strong><strong></strong><strong><em>у</em></strong><strong><em> двох містах луганської та донецької област</em></strong><strong><em>ей</em></strong><strong><em>,</em></strong><strong></strong><strong><em>буде напр</em></strong><strong><em>авлений</em></strong><strong><em> на можливість доформувати персонал медичних закладів кр</em></strong><strong><em>а</em></strong><strong><em>щими судентами-випускниками медичних ВНЗ. Групи із 25-30 молодих лікарів</em></strong><strong><em>,</em></strong><strong><em> різних спеціальностей</em></strong><strong><em>,</em></strong><strong><em> приїдуть до малих міст</em></strong><strong></strong><strong><em>донеч</em></strong><strong><em>ч</em></strong><strong><em>ини та луганщини</em></strong><strong><em> і</em></strong><strong><em> оселяться </em></strong><strong><em>у</em></strong><strong><em> гуртожитку, який буде в</em></strong><strong><em>и</em></strong><strong><em>д</em></strong><strong><em>і</em></strong><strong><em>лено для таких цілей місцевою владою. Саме та</em></strong><strong><em>м проходитиме</em></strong><strong><em> їх навчання, робота в лікарнях та соціальна робота: кожна груп</em></strong><strong><em>а</em></strong><strong><em> об''єднається </em></strong><strong><em>у</em></strong><strong><em> кілька команд і створить свої власні проекти по полулярізації медичної реформи, профілактики ССЗ та важливості</em></strong><strong></strong><strong><em>Г</em></strong><strong><em>р</em></strong><strong><em>омадського здоров''я із представниками місцевої громади і </em></strong><strong><em>для</em></strong><strong><em> представників місцевої громади</em></strong><strong><em>».</em></strong></p><p>Нагадаємо, що за даними МОЗ, за перший тиждень квітня у всій Україні пацієнти підписали вже понад 300 тисяч угод з сімейними лікарями. Серед областей лідирують Закарпатська, Донецька, Чернівецька та Київ. Пасуть задніх - Херсонська, Черкаська та Рівненська. Найрозповсюдженіша проблема - відсутність комп''ютерів та Інтернету. Тому, проблема популяризація та роз’яснення нової системи громадянам наразі є вкрай актуальними.</p><p>Система працюватиме так: кожен пацієнт (або його батьки) сам обирає лікаря, до якого хоче ходити на прийом. Разом із лікарем в електронному вигляді пацієнт укладає безтермінову електронну декларацію про обслуговування. Її можна легко перепідписати й з іншим спеціалістом.</p><p>Опісля держава в повному розмірі оплачуватиме прийоми й базовий пакет аналізів безпосередньо тій лікарні, де ви лікуєтеся. На одного пацієнта держава виділятиме 370 грн. А один лікар може обслуговувати максимум дві тисячі пацієнтів.</p><p>Медичні послуги розподіляються на два пакети:</p><p>- зелений пакет – послуги, які 100-відсотково оплачуватиме держава (невідкладна, первинна і паліативна допомоги).</p><p>- червоний – це послуги, які оплачуватиме сам пацієнт (наприклад, неекстрена стоматологія, звернення до лікаря без направлення, естетична медицина);</p><p>Безкоштовними залишаться прийом лікаря, перевірка тиску, кардіограма, аналізи, ін''єкції. За серйозні обстеження і далі доведеться платити.</p><p>Щоб гарантовано потрапити до лікаря у зручний час, треба буде записуватися попередньо телефоном або на сайті. Інакше доведеться вистоювати черги. </p><p>Окрім основної і, на перший погляд, легкої інформації медична реформа несе багато додаткових пунктів, і, як будь-що нове, не до кінця зрозуміла пересічному українцю.</p><p>Наостанок, ми запитали, що думає з цього приводу Денис Блощинський: <strong><em>«Важливість і нагальність реформи охорони здоров''я, з одного боку, наче і не потрібно пояснювати нашому суспільству, бо все, що до цього відбувалося: у лікарнях, з лікарняними, з ліками і самим налаштуванням системи охорони здоров''я - не влаштовувало нікого, крім, хіба що, кілька тисяч корупціонерів, які навчилися заробляти на горі інших людей баснословні гроші. З іншого боку, ця стала корумпована система занадто вкоренилася у нашому суспільстві і в нашій державі, щоб просто так дати себе змінити. Тому, комунікація медичної реформи, робота із громадською думкою та зміна ставлення усіх учасників процесу: лікарів, пацієнтів, родичів пацієнтів, страхових компаній, бізнесу та держави - це не тільки клопіт МОЗ, але й потреба свідомих громадських організацій та активістів. Я впевнений, що разом у нас має усе вийти набагато швидше, ніж ми можемо собі уявити»!</em></strong></p><p><strong></strong></p>'),
(196, 34, 'en', '', '', ''),
(197, 34, 'sk', '', '', ''),
(198, 34, 'pl', '', '', ''),
(199, 34, 'hu', '', '', ''),
(200, 34, 'ro', '', '', ''),
(201, 35, 'uk', '​КРУГЛИЙ СТІЛ «ПІДТРИМКА ШКОЛЯРІВ, ЯКІ ЗДАЮТЬ ЗНО – ЦЕ НАШ З ВАМИ ІСПИТ»', '', '<p>7 травня Фундація соціальних інновацій «З країни в України» провела круглий стіл <strong>«Підтримка школярів, які здають ЗНО – це наш з вами іспит»,</strong> організований у рамках всеукраїнського флешмобу #ЩастиНаЗНО. Мета заходу - привернути увагу викладачів, батьків та суспільства в цілому до негативного впливу деструктивного стресу на результати складання зовнішнього незалежного оцінювання.</p><p>Захід розпочав співзасновник Фундацій соціальних інновацій «З країни в Україну» <strong>Денис Блощинський</strong>. За словами сівзасновника, круглий стіл було ініційовано для того, щоб кожна з груп, яку зачіпає явище ЗНО, мала можливість почути один одного та дійти до спільного бачення моделювання поведінки з подолання деструктивного стресу та покращення показників іспиту.</p><p><img src="/uploads/news/download-9-ad242ada92.jpg"></p><p>Спікери круглого столу, представлені спеціалізованими групами, поділилися на представників від батьків, вчителів і студентів, які вже мали досвід проходження зовнішнього незалежного оцінювання. Окрім них, до дискусії були залучені експерти:</p><p>- психолог <strong>Світлана Ройз</strong>;</p><p>- працівникІнституту педагогіки НАПНУкраїни <strong>Олександр Козленко</strong>;</p><p>- заступник Міністра молоді і спорту <strong>Олександр Ярема</strong>;<strong></strong></p><p>- директор Українського центру оцінювання якості освіти<strong>Вадим Карандій.</strong></p><p>Модератором заходу виступила викладачка Політехнічного ліцею Національного технічного університету України «Київський політехнічний інститут» м. Києва – <strong>Людмила Булигіна</strong>.</p><p><img src="/uploads/news/download-7-fa2ed407b6.jpg"></p><p>Щороку одинадцятикласники здають зовнішнє незалежне оцінювання, і стрес, який переживають підлітки, дуже негативно впливає на їхні подальші результати. Батьки та вчителі, як частина освітньої системи, замість полегшення напруги у складанні іспитів і роботи із підлітками, створюють ще більший ажіотаж навколо ЗНО та провокують ще разючіше напруження у підлітків.</p><p><strong>Каріна Семенко, студентка першого курсу КПІ: <em>«</em></strong><em>Перед круглим столом ми провели опитування серед першокурсників, які минулого року здавали ЗНО. Лише 10 із 40 людей відповіли, що не хвилювалися перед іспитом. Всі інші розповідали історії, де стрес і хвилювання вирували кожного дня. З власного досвіду знаю, що для випускників останній шкільний рік стає особливо напруженим. Від батьків часто можна почути, що будь-які розваги тобі не світять, бо треба сумлінно готуватися </em><em>і </em><em>вчитися, поки не здаси ЗНО. Від вчителів – якщо не складеш, то можеш забути про вищу освіту та університет. Але зараз, коли я дивлюся назад, то розумію, що саме ЗНО було занадто перебільшеним. І, не так складно було готуватися до самих іспитів, як здолати хвилювання цього роздутого страшного звіра, який, як я вважала, вирішуватиме усе моє майбутнє».</em></p><p><em><br></em></p><p><img src="/uploads/news/download-5-2de8925062.jpg"></p><p><strong>Олена Танчинець, мати минулорічного абітурієнта поділилася своїм досвідом та  порадами:</strong> <em>«</em><em>Ви повинні показати Вашій дитині, що довіряєте і щиро вірите у неї. Лише є одне «але» – робити це потрібно протягом всього життя, від самого народження, а не тільки в останній рік. Батьки! Хвилюйтеся вночі, із закритими дверима, аби Ваша дитина не бачила цих психологічних напруг. Вчіться стримувати й приховувати емоції. ЗНО – це не останній потяг. Завжди є шанс. Завжди можна здати наступного року. Мій позитивний досвід та прохання до усіх батьків - транслюйте Вашу впевненість, не сійте паніку і не напружуйте ситуацію, що і так закипає як збоку вчителів, так і збоку соціуму».</em></p><p><em><br></em></p><p><strong>Психолог Світлана Ройз:</strong> <em>«Працюючи з випускниками, паралельно я працюю і з батьками. Дуже важливо зняти з дитини вантаж займенника «МИ». У групі ризиків нестресостійкості ті школярі, батьки яких зазвичай висловлюються </em><em>“</em><em>ми пішли в садочок</em><em>, м</em><em>и пішли в школу, ми здаємо ЗНО</em><em>”</em><em>. Це означає, що самооцінка батьків напряму пов</em><em>’</em><em>язана з тим, що відбувається у дитини. Тому, школяр відчуває вантаж не лише свого стресу, але й батьківського. Також це робота з вчителями, у яких самооцінка часто залежить від того, який рейтинг показує учень при здачі іспиту. Так закладено, що в школі оцінка напряму пов</em><em>’</em><em>язана з самооцінкою. І цей вантаж оцінки балів, яку наша дитина може отримати чи не отримати</em><em>,</em><em> ми переносимо на її самооцінку і</em><em>, відповідно, нашу –</em><em> батьківську. Це природно, що батьки хвилюються за майбутнє своєї дитини. Але найголовніше, що ми можемо їй дати - відчуття, що ми впевнено стоїмо за неї. Дайте собі відповідь: що станеться поганого з Вами, якщо Ваша дитина набере малу кількість балів? Що станеться поганого з Вами, якщо Ваша дитина не складе іспит? Пройдіть зі своєю дитиною по всіх можливих пунктах: в крайньому випадку вона вступить на контракт, у крайньому випадку, справді, здаватиме наступного року, в крайньому випадку - піде працювати, в крайньому випадку – навчатиметься дистанційно і отримає сертифікат. Якщо ми пройдемося по найгіршому, то зрозуміємо, що все не так лячно і визначимося із питанням власної самооцінки. Адже, якщо самооцінка батьків міцна, то й дитині буде легше справлятися із будь-якими труднощами».</em></p><p><em><br></em></p><p><img src="/uploads/news/download-6-0c41a1c531.jpg"></p><p><strong>Олександр Козленко, працівник Інституту педагогіки НАПН України: </strong><em>«Важливо, щоб учні не думали, що ті, хто складає завдання на ЗНО є такими собі монстрами. Навпаки, і експерти, і автори чітко дотримуються усіх правил. Якщо питання є у зошиті тестування, то, попередньо, експерт перевіряє, чи у всіх підручниках є на нього відповіді. Чи немає двозначних відповідей. Або чи не збиває із пантелику саме питання учня. Тому, як і автори, так і експерти  намагаються зробити так, щоб той, хто сумлінно готувався - отримав гарні бали».</em></p><p><strong>Олександр Ярема, заступник Міністра молоді і спорту України:</strong> <em>«Я не складав ЗНО, але я складав іспити. І точно пам</em><em>’</em><em>ятаю, що уявлення про цю систему було як про систему несправедливості. Сприйняття було таке</em><em>: </em><em>треба домовитися, а якщо не домовився, то шанси є, але не в те</em><em>бе, </em><em>а в того</em><em>, х</em><em>то домовився. Що цінно</em><em>го </em><em>є у ЗНО? Як показують цифри, до нього, як явища, є довіра. Розуміння того, що це справедлива система: якщо ти маєш знання - то ти маєш шанс отримати відповідний бал. І це дуже важливо, бо у нас в Україні існує не так багато систем, до яких існує довіра суспільства».</em></p><p><strong>Вадим</strong> <strong>Карандій, директор Українського центру оцінювання якості освіти</strong>: <em>«ЗНО потрібно сприймати як дзеркало. Дзеркало того, що відбувається у суспільстві. ЗНО в тому варіанті, якому воно є, в якому існує впродовж останніх років – це не педагогічний проект. Першопочаткова мета абсолютно соціальна – подолання нерівного доступу до вищої освіти, подолання корупційних ризиків». </em>Також представник центру оцінювання представив дослідження, де статистика наступна: абітурієнти, які готувалися до складання ЗНО з англійської мови з репетитором у середньому набирали 151 бал, ті учні, котрі готувалися до здачі цього предмету самостійно – в середньому отримували 151.1 бали. Це свідчить про те, що репетитор виступає радше в ролі психолога, знімає стрес, але самосійна підготовка не дає гірших результатів.</p><p>Дискусійна розмова, обговорення проблемних ситуацій і питань круглого столу завершила практична частина від психолога Світлани Ройз. З переліком методик і рекомендацій як побороти деструктивний стрес випускнику в період підготовки та здачі ЗНО Ви можете ознайомитися за посиланням: </p><p><a href="https://www.facebook.com/svetlanaroyz/posts/2010435268990068">https://www.facebook.com/svetlanaroyz/posts/2010435268990068</a>.</p><p><strong>#</strong><strong>ЩастиНаЗНО – ДОЛУЧАЙСЯ! П</strong><strong>ІДТРИМАЙ ВИПУСКНИКІВ!:)</strong></p>'),
(202, 35, 'en', '', '', ''),
(203, 35, 'sk', '', '', ''),
(204, 35, 'pl', '', '', ''),
(205, 35, 'hu', '', '', ''),
(206, 35, 'ro', '', '', ''),
(207, 36, 'uk', 'СВЯТО ПЕРЕМОГИ ЧИ ВШАНУВАННЯ ЖЕРТВ ВІЙНИ?', 'День Перемоги чи День Пам''яті? Менеджер культурного напрямку Павло Горб  -  про найвідомішу травневу подію, її місце у світі та суспільстві...', '<p>Сьогодні пройшло 73 роки з того дня, коли у підвалі Рейх-канцелярії застрелився лідер одного з найжахливіших режимів в історії людства, а за тиждень,  8-го травня о 22 годині 43хв (+2 GTM), у місті Карлхост було підписано капітуляцію Німеччини. Більше половини сторіччя з того часу, ми, наші колишні союзники і наші колишні вороги, відзначають цю дату. Але яка історія «свята Перемоги»? Як святкують його колишні країни-учасниці? І чому в Україні так змінилося ставлення до цієї річниці?</p><p style="text-align: center;"><strong>8 чи 9?</strong></p><p>На перше питання відповідь дуже проста: коли у Карлхості був вечір 8-го травня, у Москві вже було 9-те. Проте, собака таки запорпана і тут. Річ у тому, що капітуляція підписувалася без згоди ставки Сталіна, тому в СРСР вирішили заснувати своє, особливе, «Свято перемоги» не над нацизмом у 2-й Світовій Війні, а над Фашистською Німеччиною у «Великій Вітчизняній Війні». Тому, в різних країнах цей день відзначають у різні дати, а країни Британської Співдружності, взагалі, 7-го.</p><p><strong></strong></p><p style="text-align: center;"><strong>Свято чи скорбота?</strong></p><p>Коли мені було років 9-10, для мене не було найбільшого свята, ніж «День перемоги». Показували фільми з танками, на стадіоні був фейєрверк та постановка зі стрільбою холостими патронами. Уявіть собі, під палючим травневим сонцем, на очах сотень літніх ветеранів, молоді хлопці, переодягнені в німців та червоноармійців, стріляли одне в одного з автоматів Калашнікова, кидали димовухи, підривали вибухові пакети і падали на землю, прикидаючись убитими. Ще не прибравши «трупи» з міського стадіону, нам, малим шибеникам, дозволяли перелізти за огорожу і позбирати на полі справжні гільзи, ветерани ж сиділи і дивилися на поле, а сонце нещадно сліпило їх заплакані очі.  Ну, як? Відчули свято?</p><p>До речі, у самому СРСР святкували з 45-го лише по 48-й рік і не святкували аж до 65-го року. Російська Вікіпедія пояснює це страхами Сталіна щодо популярності Жукова. Українська - страхами Сталіна щодо реакції родин жертв репресій на відвертий цинізм влади. Я скажу наступне, моя бабуся - ветеран та учасник бойових дій, нагороджена Орденом Червоної Зірки, була інтернована (читай - ув’язнена) і відбувала заслання у місті Сталіно (сьогодні Донецьк) строком на 10 років, з яких відбула 7 років до хрущовської амністії. Причина інтернування - вона була в німецькому полоні 1 день, на початку війни, коли їй було 19 і вона була просто цивільною. </p><p style="text-align: center;"><strong>Як це відзначають у світі?</strong></p><p>З 2016 року 9-го травня Україна не святкує «День Перемоги над Фашистською Німеччиною у ВВВ», а відзначає «День перемоги над нацизмом у Другій світовій війні», та «День пам’яті та примирення» 8-го травня. Поцікавтесь і ви здивуєтеся, які країни підтримували Німеччину та Союзників.</p><p>Я порахував кількість країн учасників 2 СВ, їх більше 80-ти! Більше 80 країн, які офіційно оголосили війну, пасивно чи активно підтримували Союзників, чи країни Осі. Закінчення війни відзначають не більше, ніж у 20-ти. </p><p style="text-align: center;"><strong>Британія</strong></p><p>У Британії урочисті події проходять з 7-го по 9-те травня. Головним заходом є щорічна панахида та хвилина мовчання по загиблим в 2 СВ. Час панахиди точно співпадає із часом промови Вінстона Черчілля про капітуляцію Німеччини. Після заходу сонця по всій Великобританії запалюють 100 смолоскипів у пам’ять про загиблих: спочатку перший, а потім інші за ланцюжком. Кожного року місце запалення першого смолоскипу переходить в інше місто. </p><p>У Європі відзначають «День закінчення Другої світової війни» відповідно до резолюції Асамблеї ООН «A/RES/59/26/» 8 та 9 травня, які є днями пам’яті та примирення. Резолюція закликає зберігати пам’ять про жертв війни та не допустити чогось подібного у майбутньому. Здебільшого це відзначається подіями коло меморіалів загиблим, відкритими екскурсіями у музеях. </p><p style="text-align: center;"><strong>Франція</strong></p><p>Організація урочистостей на честь перемоги над нацизмом у Франції покладена на Міністерство оборони Франції. Проте саме МО Франції вирішило активно співпрацювати з Громадянським Суспільством, поклавши організацію на громадських діячів та ініціативні групи з усієї Франції.</p><p>Міністерство оборони створило спеціальний сайт з розкладом програм, виставок та зустрічей по всій території країни, надаючи організаторам фінансування після опису планів щодо урочистих заходів. Пам''ятні акції французи проводять з дня висадки військ союзників у Нормандії і закінчують лише восени.</p><p>Головна церемонія вшанування пам''яті тих, хто загинув під час війни з нацизмом, проходить 8 травня поблизу Тріумфальної арки в Парижі .</p><p style="text-align: center;"><strong>США</strong></p><p>У США традиційна церемонія проходить 8 травня на Капітолійському пагорбі, починається з покладання квітів до Стіни свободи, а потім відбувається парад за участю повітряних сил, які відтворюють для глядачів всі значні битви війни, включаючи Перл-Харбор до висадки в Нормандії. У той же день літаки виставляють у Вашингтонському аеропорту імені Даллеса, де з ними зможуть також протягом 9-го травня ознайомитися всі бажаючі.</p><p style="text-align: center;"><strong>Німеччина</strong><strong></strong></p><p>Кінець війни має значення для Німеччини не менше, ніж для союзників, він розділив Німеччину на довгі роки, приніс німцям розчарування і прозріння.<strong></strong></p><p>Тематичний тиждень починається у Берліні 2 травня, в столиці Німеччини відкриваються виставки та проходять різноманітні заходи, присвячені річниці падіння Третього рейху.</p><p>На вулицях Берліна розміщують широкомасштабні панорами фотознімків, як ці місця в місті виглядали в травні 45-го.</p><p style="text-align: center;"><strong>Польща</strong></p><p>Святкування закінчення війни в Польщі – тема болюча і неоднозначна. В кінці 2014 року Сейм навіть намагався проголосувати за скасування дати 9 травня як Дня Перемоги. «У Польщі в травні 1945 року одна окупація була замінена іншою окупацією, німецький концентраційний табір замінив радянський концентраційний табір, ГУЛАГ», - заявив один з ініціаторів законопроекту депутат Сейму Збігнєв Гержинский. Однак законопроект не був прийнятий.</p><p>День Перемоги у Польщі відзначають на Вестерплатте у Гданську, де споруджено монумент полякам, загиблим у боях Другої світової війни.</p><p style="text-align: center;"><strong>Італія</strong></p><p>В Італії святкують не перемогу, один з основних союзників Німеччини святкує День звільнення, і торжества починаються з 12 квітня – початку операції по звільненню Італії - і закінчується після 8-го травня.</p><p>Програма заходів будується на підставі публічних ініціатив громадських організацій, уряд оголошує конкурс ініціатив ще в листопаді, він завершується 15 грудня, кращі пропозиції отримують кошти і складають програму для кожного регіону.</p><p>Основні урочистості припадають зовсім не на травень, а на 25 квітня – день втечі Беніто Муссоліні з Італії. В Італійців теж є своя пісня про “перемогу” і носить назву Bella ciao, Milano! – на честь пісні, яка була неофіційним гімном Опору Італії.</p><p style="text-align: center;"><strong>Японія</strong><strong></strong></p><p> Друга світова війна ще тривала довго після травня, і закінчилася капітуляцією Японії та її союзників 2-го вересня.</p><p>Головними подіями, присвячений закінченню 2 СВ в Японії, є 6 серпня, день пам’яті жертв атомного бомбардування і день пам’яті загиблих у війні 2-го вересня. </p><p style="text-align: center;"><strong>Розвінчання чи переосмислення?</strong></p><p> Сьогодні майже не залишилося тих хто був свідками цієї війни, тому в Україні до 2014 року це стало просто свято пам’яті подвигу з шашликом та пивом на природі, або ж  роботами на городі у додатковий вихідний тень. Війна на Сході нашої держави дала поштовх переосмислення суті цієї події і цієї війни. </p><p>Колись Маршал Маліновській у розмові з дочкою сказав відомі слова:</p><p>-Тато, що ти пишеш?</p><p>-Мемуари про дитинство.</p><p>-А чому не про війну?</p><p>-Хай брешуть без мене!</p><p>Сьогодні 2 СВ поховала майже всіх своїх свідків, а пам’ять про неї перекували в мечі нової війни - інформаційної. Війною та перемогою спекулюють, торгують її смислами та героями і отримують політичні дивіденди. Пам’ять про війну стала новою національною ідеєю, приватизованим правом на «Велику Перемогу!» для одних і розвінчанням культу «держави, що перемогла»для інших, розколовши світ. </p><p>Сьогодні я з жахом згадую торжества на ДП з мого дитинства, усвідомлюючи одну просту істину - у війні немає переможців і переможених, є лише її жертви.</p><p>Ми маємо пам’ятати основний урок цієї страшної трагедії. Війна - це воля купки соціопатів, що нав’язана безвідповідальній більшості. Найкращою пошаною загиблих у війнах, є наша відповідальність за прийняті рішення, наша активна участь у розбудові держави та суспільства, наша відмова від мовчазної згоди на узурпацію влади тиранами.</p>'),
(208, 36, 'en', '', '', ''),
(209, 36, 'sk', '', '', ''),
(210, 36, 'pl', '', '', ''),
(211, 36, 'hu', '', '', ''),
(212, 36, 'ro', '', '', '');
INSERT INTO `news_i18n` (`id`, `news_id`, `language`, `title`, `short`, `text`) VALUES
(213, 37, 'uk', '#рекомендації від Павла Горба. Фестивальний бум 2018', 'Хто вже готує валізи та відслідковує найспекотніші фестивалі цього року? У нашій постійній рубриці «Рекомендації» менеджер культурного напрямку Павло Горб поділиться підбіркою не типових фестивалів 2018, які не можна пропустити!', '<p>Настав теплий час і душа бажає свята! Україна та фестивалі - це окрема тема української культури. Сьогодні я хочу розповісти вам про 5 фестивалів, які, на мою особисту думку, заслуговують Вашої уваги.</p><p>На правах кам’янчанина я просто зобов’язаний порекомендувати Вам приїхати до      Кам’янця-Подільського. Тут є що подивитись - із початку квітня до глибокої      осені багато краси та чудових фестивалів. Тут проходять відомі      історичні фестивалі “Schola militaria”, “Форпост”, Ретро Фестиваль та повітроплавання.      Алея запрошую Вас приїхати на Міжнародний кінофестиваль      “Бруківка”. Фестиваль пройде 22-24 червня. Це приватна ініціатива      кам’янецького кінорежисера Зайця Андрія, яка зібрала конкурсні роботи зі      120 країн світу. На участь у фестивалі подалися навіть з таких країн як Перу,      В’єтнам, Уруг­вай, Таїланд, Танзанія, Шрі-Ланка, ЮАР, Непал, Марокко,      Монголія та Мальта. Уявіть собі, фільм-заявник про трагедію на ЧАЕС було      відзнято в Іспанії, іспанською мовою! Підтримувати фестиваль буде музичний      гурт “B&amp;B Project”. Вхід на всі заходи фестивалю вільний! Детальна      інформація тут - <a href="https://brukivkafest.com/">https://brukivkafest.com/</a></p><p><a href="https://brukivkafest.com/"></a>В Україні з кожним роком збільшується як кількість      шанувальників академічного мистецтва, так і якість самого      контенту. Це й не дивно, бо в Україну повертаються наші талановиті митці. Якщо      Ви любите класичну музику, то просто зобов’язані відвідати фестиваль      “LvivMozArt” і, тим паче, зобов’язані відвідати фестиваль ті, хто ще не розуміє,за що любити класичну музику. Директорка та засновниця фестивалю      Оксана Линів - перша жінка-диригент в опері міста Ґрац (Австрія). Після багатьох      відмов та поневірянь на Батьківщині, Оксана не тільки прославила Україну в      Європі, а й повернулася з чудовим проектом. Чому Моцарт? Франц Ксавер      Моцарт - син геніального Вольфганга Амадея Моцарта, знаний педагог,      піаніст, диригент, композитор. У 1808–1838 рр. жив у Львові та заснував      першу музичну спілку міста і хорове товариство святої Циецилії. Фестиваль      відбуватиметься з 13 по 22 липня цього року, деталі тут - <a href="http://mozart.lviv.ua/about">http://mozart.lviv.ua/about</a></p><p>Нещодавно я розповідав про музей гончарства у селі Опошне. Якщо Ви вже      вирішили відвідати цей мальовничий край, то саме час запланувати відпустку      на 25 червня- 1 липня 2018. В Опоші відбудеться найбільший в Україні фестиваль      гончарного мистецтва “Здвиг 2018”. Це чудовий відпочинок для всієї родини,      де можна буде не тільки побачити талановитих майстрів за роботою, а й      самому опанувати навички гончарства. Гончарство для України не просто      традиційний вид ремесел, для нашої культури він має символічне, ба навіть, релігійне      значення. Орнаметрика Українського гончарства, подібно до “Розетського      каменю”, у свій спосіб розповідає нам історію нашої землі. Більш детально      про фестиваль тут - <a href="http://opishne-museum.gov.ua/shift-2014">http://opishne-museum.gov.ua/shift-2014</a></p><p><a href="http://opishne-museum.gov.ua/shift-2014"></a>З кожним роком межа між науково-прикладними дисциплінами,      мистецтвом та креативними професіями стирається, світ дивує нас щодня. Так      і фестивалі, бувають не лише розважальними. Все більше сьогодні навчання      переходить у формат “infotaming”, де навчальний процес перетворюється на      розвагу і стає від цього лише більш ефективним. Якщо Ви хочете чудово провести      час і зацікавити своїх дітей гарно вчитися, то Вам потрібно відвідати      фестиваль ROBOTICA 2018. Тут є роботи, є конструктор LEGO, а ще тут є      дитячі команди, які цих роботів зробили. Команди дітей з багатьох міст      України творили і програмували своїх роботів, а тепер змагатимуться      з однолітками за право бути кращими молодими робототехніками країни!      Деталі тут - <a href="http://robotica.in.ua">http://robotica.in.ua</a></p><p><a href="http://robotica.in.ua"></a>І звісно, я не міг не згадати про фестиваль, який визначив моє покликання      -  створювати культурні проекти.      Фестиваль “З країни в Україну” - це не просто культурний захід з концертом      та розважальними локаціями, це наша боротьба за самовизначення, боротьба зі стереотипами      про Україну. Мандрівному фестивалю вже 4 роки, він проїхав 33 міста України. І      кожного року він стає усе ближче до передової лінії боротьби, де війна йде не      тільки в головах та серцях Українців&hellip; Коли стихне останній постріл АТО,      фестиваль продовжуватиме свою службу - службу миру і добра, щоб нагадувати      українцям, що всі ми хочемо жити в одній мирній країні. Минулого року у      фестивалі взяли участь близько 200 волонтерів - це музиканти, майстри та      мисткині, члени громадських організацій, засновники українських стартапів,      держслужбовці та просто школярі і студенти. Нагадаю, фестиваль складається з      вечірньої музичної програми та креативних локацій містечка фестивалю, де      можна познайомитись із народними ремеслами, українськими винаходами, подивитись      короткометражні фільми, фотовиставку, отримати в подарунок книгу та      дізнатися про громадські ініціативи, які змінюють нашу країну. Кожного року команда      намагається покращувати фестиваль, додати все необхідне, щоб люди вийшли      на вулиці з коробок телевізорів, посміхнулися та потисли одне одному руки.      Бо люди змінюють людей. Цього року фестивалю обов’язково бути! Деталі з''являться у групі в      Facebook.&nbsp;</p><p>Нагадаю, Ви можете зробити власний внесок і підтримати фестиваль тут - <a href="https://coukraine.org/donate">https://coukraine.org/donate</a></p>'),
(214, 37, 'en', '', '', ''),
(215, 37, 'sk', '', '', ''),
(216, 37, 'pl', '', '', ''),
(217, 37, 'hu', '', '', ''),
(218, 37, 'ro', '', '', ''),
(219, 38, 'uk', 'КУЛЬТУРНИЙ МАЙНІНГ. "Мрія Волновахи – чиста екологія"', 'Команда проекту «Культурний майнінг» з Волновахи реалізувала грантований проект «Eco-Sort-Lesson», спрямований на виховання культури роздільного збирання сміття.', '<p>Завершилася реалізація проектів, які брали участь у «Культурному майнінгу», ініційованого Фундацією соціальних інновацій «З країни в Україну». Дванадцять міст східної України втілили свої ініціативи та готові ділитися успішними результатами і знайомити зі своїми командами.</p><p>   Учасники команди міста Волноваха, які взяли участь у проекті «Культурний майнінг», проведеного за підтримки проекту «Зміцнення громадської довіри», що фінансується Агентством США з міжнародного розвитку USAID, стали членами ГО «Волноваська Нова Хвиля».</p><p> Активісти поставили за мету покращити екологію власного міста та отримали грант у розмірі 30 000 гривень на реалізацію проекту «Eco-Sort-Lesson». Чому європейці можуть сортувати сміття, а ми ні? Хіба українці гірше за мешканців Європи розуміють, що саме сортування відходів дозволяє перенаселеним країнам не «тонути» у сміттєвих завалах і не утримувати багатогектарні й надзвичайно шкідливі для довкілля і для людей сміттєзвалища? Звичайно, розуміють, але багато хто вважає, що це проблема не кожного громадянина, а виключно держави. Команда з Волновахи вирішила довести зворотнє. </p><p><img src="/uploads/news/20180427143139-e24b0c52fd.jpg"></p><p><em>«</em><em>Темою проекту стала проблема роздільного збирання побутових відходів, яка актуальна не тільки для міста Волноваха, а й для всієї країни, так як з 1 січня 2018 року Україна зобов’язалася сортувати все сміття за видами матеріалів, у тому числі розділяти його на придатне для повторного використання.</em></p><p><em>Роздільне збирання сміття є одним з варіантів ефективного вирішення проблем у сфері поводження з ним. Користь роздільного збирання сміття населенням виявляється, зокрема, у зменшенні навантаження на полігони твердих побутових відходів, збереженні природних ресурсів, покращення екологічного стану</em><em>»,</em> - діляться учасники команди. </p><p>Керівник проекту Колле-Колесников Денис Олександрович – менеджер з адміністративної діяльності ТОВ «Комерційне соціальне підприємство «Наш Будинок Волноваха», співзасновницею якого стала ГО «Волноваська Нова Хвиля», зазначає, що основними проблемами, на вирішення яких спрямовані заходи запропонованого проекту,є: недостатня інформаційно-роз’яснювальна та виховна робота серед населення, особливо молоді та дітей, у сфері поводження з відходами та переваг використання вторинної сировини;відсутність у навчальних закладах міста технічної можливості для роздільного збору сміття.</p><p> У рамках проекту «Eco-Sort-Lesson» придбано та розміщено, командою учасників «Культурного майнінгу», євро контейнери для роздільного збору сміття; розповсюджено інформаційно-агітаційні листівки та постери; проведено навчально-тематичні уроки у навчальних закладах міста; проведено акцію «Сортуй сміття – врятуй життя».</p><p><img src="/uploads/news/20180427144005-00dbaa0f6e.jpg"></p><p>На думку команди, їхній проект формуватиме у мешканців міста дбайливіше ставлення до навколишнього середовища та навчатиме раціональному поводженню із твердими побутовими відходами. Його реалізація вже сьогодні створює передумови для удосконалення системи сортування смiття у місті Волноваха та стає стимулом для місцевої влади у подальшому здійснювати закупівлі і встановлювати євро контейнери на території міста. </p><p>Також, варто зазначити, що у команди з Волновахи вже є наявний досвід екологічного активізму, адже члени команди були учасниками акції «Чисте місто».</p><p> Детальніше тут: <a href="https://www.youtube.com/watch?v=lPX3Or9lw3E.">https://www.youtube.com/watch?v=lPX3Or9lw3E.</a></p>'),
(220, 38, 'en', '', '', ''),
(221, 38, 'sk', '', '', ''),
(222, 38, 'pl', '', '', ''),
(223, 38, 'hu', '', '', ''),
(224, 38, 'ro', '', '', ''),
(225, 39, 'uk', '​КУЛЬТУРНИЙ МАЙНІНГ. "Не кулями єдиними гриміло Щастя навесні"', 'У місті Щастя активісти влаштували Фестиваль «ЄкоФ’юженФест».', '<p>12 травня учасники проекту «Культурни  й майнінг», команда з міста Щастя, провели фестиваль «ЄкоФ’юженФест», на який отримали грант у розмірі 75 000 гривень.</p><p><em> «Місто Щастя розташовано на лінії розмежування. Увага людей у нашому місті більш прикута до власних побутових проблем. Психосоціальний настрій людей знаходиться на критичному рівні, вони втратили зв''язок з природою та зі своїм внутрішнім світом. У наслідок цього, містяни припинили звертати увагу на навколишнє природне середовище та проблеми, які з цим пов’язані. Фестивалем «ЄкоФ’юженФест»</em><em>ми хотіли звернути увагу населення міста на роздільний збір сміття, бережливе ставлення до природи, звернуту увагу на необхідність здорового харчування та способу життя, екологічне ставлення один до одного»</em>, - таким вступом команда з міста Щастя привідкрила проблематику, на вирішення якої спрямований проект, презентований ними на «Культурному майнінгу». Це було за кілька днів до того, як напередодні оголошеного безстрокового перемир''я, у неділю 4 березня, бойовики обстріляли оборонні позиції ЗСУ в цьому районі. Безперервний обстріл тривав півтори години. А в понеділок, 5 березня, незважаючи на спільне рішення Тристоронньої контактної групи щодо припинення вогню, російсько-окупаційні війська не припинили обстрілів позицій ЗСУ поблизу Щастя. </p><p>За словами співзасновника Фундації соціальних інновацій «З країни в Україну» Дениса Блощинського, для людей із міст східної України, котрі перебувають у постійній небезпеці, дуже важливо відчувати, що попри неможливість зупинити певні процеси, вони самостійно можуть обирати, в якому напрямку їм рухатися далі: <em>«Для нас було дуже важливо долучити до участі міста, які знаходяться безпосередньо поруч із лінією конфлікту. Тому що саме тут дуже чітко стає зрозуміло те, заради чого, насправді, йде ця війна. Саме тут, де люди потерпають найбільше - від обстрілів, постійних загроз і психологічного тиску ситуації. І саме тут нам важливо показати людям, що ми боремося за їхнє дозвілля і комфорт, їхню свободу обирати те, як вони хочуть проводити свій вільний час, спілкуватися і відпочивати. Це як теорія розбитих вікон колись допомогла Нью-Йорку змінити статус одного з найнебезпечніших міст Америки, так і наша теорія світлих справ допоможе повернути людям відчуття гідності і впевненості у своїх силах».</em></p><p><img src="/uploads/news/dsc1847-12b2b39b60.jpg"></p><p><em>«У зв’язку з військовим конфліктом у місті відсутні лаунж зони для</em><em> відпочинку на природі та проведення культурних заходів, в тому числі й фестивалів»</em>, - розповідає учасниця команди і керівниця проекту Марина Єрохіна. А й, справді, чи можливо розвивати своє місто, змінювати свідомість людей, якщо внутрішній страх, що завтра його може не стати, переслідує тебе щодня? Можливо! Твердо впевнені активісти. Адже, не зважаючи на становище та вимушені умови,  в яких наразі перебуває Щастя, у довгострокових планах команди, в рамках вищевказаного фестивалю, створити  платформу для подальшого соціального зв’язку між населенням та природою.</p><p><img src="/uploads/news/dsc1891-52a3cea2ce.jpg"></p><p>«<em>Достроковий влив – місто стане красивішим, ми очистимо та благоустроїмо територію КСЦ «Енергія». Територія вищевказаного комунального закладу сформує екологічно-художню платформу</em><em>, </em><em>що забезпечить рекреаційні потреби населення. </em><em>Ми прагнемо активізувати</em><em> населення до громадської діяльності та збереження навколишнього середовища.</em><em>Продовжимо роботу над створенням нових локацій для відпочинку проектом із залучанням ДТЄК( участь у проекті «Місто своїми руками»)</em><em>», </em>- говорять активісти<em>.  </em>По завершенню «ЄкоФьюженФест» елементи лаунж зони: лавки, велопарковка, контейнер для пластикових пляшок, смітники, накопичувальні ліхтарі, шаховий стіл і гамаки команда з міста Щастя передала на баланс КСЦ «Енергія». Матеріали для майстер класів: гончарне коло, твістер, безкаркасні кріслапередані на баланс Палацу Культури м. Щастя.</p>'),
(226, 39, 'en', '', '', ''),
(227, 39, 'sk', '', '', ''),
(228, 39, 'pl', '', '', ''),
(229, 39, 'hu', '', '', ''),
(230, 39, 'ro', '', '', ''),
(231, 40, 'uk', '​КУЛЬТУРНИЙ МАЙНІНГ. "Кремінна за здоровий спосіб життя!"', 'Кремінна знайомить із пішохідним туризмом на сході України.', '<p>Один із найпоширеніших видів спортивного туризму, основною метою якого є подолання групою туристів маршруту по місцевості з місця відправлення до місця прибуття за вказаний проміжок часу, є пішохідний туризм.</p><p>Пішохідно-туристичні спортивні походи можна проводити  в усіх регіонах України. Територія України, за винятком гірського масиву - Українські Карпати, має рівнинний рельєф і на ній майже відсутні істотні природні перешкоди, що обумовлюють категорію складності спортивних пішохідних маршрутів. Через це у більшості регіонів України можливо здійснювати спортивні походи лише до І категорії складності включно, а походи ІІ та ІІІ категорії можуть здійснюватись тільки у горах.</p><p><img src="/uploads/news/dscn9700-06d7b05603.jpg"></p><p>Команда-учасниця «Культурного майнінгу» з міста Кремінна задля виховання української молоді, аби відірвати покоління Z від гаджетів напротивагу живому й справжньому відпочинку та спілкуванню, реалізувала еко-похід «Спортивний рух - національний дух».</p><p>Похід, як вид спорту, сприяє фізичному та інтелектуальному розвитку людини, підтримці хорошої фізичної форми за рахунок певного періоду перебування в природних умовах навколишнього середовища. Варто зазначити, що маршрут пішого туризму може містити в собі не тільки програму фізичної, спортивно-оздоровчої підготовки, але й ознайомлення з історією і культурною спадщиною населення регіону.</p><p><em>«Ми прагнемо звернути увагу населення нашого міста на появу громадських організацій, які намагаються розвивати активний відпочинок через пішохідний туризм»,</em> - розповідає Кільмешкін Денис, керівник проекту - еко-похід. За словами учасників команди, головною проблемою розвитку пішохідного туризму у Кремінній є відсутність інформованості населення щодо діяльності громадської організації, яка займається пішим туризмом. А це, в свою чергу, призводить до малої активності населення і зменшення цільової аудиторії.</p><p><em>«Наша цільова аудиторія - учасники походу: школярі, батьки школярів, студенти, вчителі (викладачі), ВПО. Бенефіціаром ж виступає організація «Пласт». Усі учасники наших походів отримують  не лише емоційні враження, а й знання та І категорію складності з пішохідного туризму», - </em>ділиться керівник проекту еко-похід «Спортивний рух – національний дух».</p><p>Отримавши грант у розмірі 50 000 гривень за представлений проект на «Культурному майнінгу», команда з Кремінної закупила необхідне спорядження та інвентар для організації категорійного походу Кремінна-Невське-Дробишево-Святогірськ-Лиман-Діброва-Кремінна.</p><p><img src="/uploads/news/dscn9487-dba4c3ce43.jpg"></p><p>Учасники налаштовані оптимістично, а про подальшу долю свого проекту говорять наступне<em>: «Наш проект виступає у ролі платформи, яка спонукатиме до розвитку туристичної галузі. Люди самостійно зможуть організовувати та проводити туристичні походи відповідно до спортивних вимог та підвищувати  або затверджувати туристичні категорії. Ми сподіваємося, що з часом з</em><em>’являться н</em><em>ові маршрути для розвитку пішохідного туризму у нашому місті».</em></p>'),
(232, 40, 'en', '', '', ''),
(233, 40, 'sk', '', '', ''),
(234, 40, 'pl', '', '', ''),
(235, 40, 'hu', '', '', ''),
(236, 40, 'ro', '', '', ''),
(237, 41, 'uk', '#рекомендації від Павла Горба. Видатні українські художники', 'У нашій постійній рубриці "рекомендації" менеджер культурного напрямку Павло Горб розкаже про ТОП 5 українських художників', '<p>З того моменту, як на стінах печери Альтаміра з’явились перші зображення, людство не перестає створювати шедеври живопису. Ми ще раз переконуємось в унікальній особливості людського виду бачити прекрасне та відтворювати його кольоровою рідиною на пласкій поверхні.</p><p>Український живопис має дуже складну історію, бо справжній митець живе на полотні, де немає інших кордонів, крім краєчку рами та паспарту. Так, мабуть, є і сьогодні, але я запрошую вас познайомитися з українськими художниками, чиї роботи потрібно побачити хоч раз, а про деяких варто дізнатись і більше, бо їхня творчість давно вийшла за рамки класичного розуміння форм та майстерності.</p><p><strong>Тарас Шевченко</strong></p><p>Ви, певно, чекаєте свіжесенький ТОП 5 художників з невідомими прізвищами, проте я мушу згадати Кобзаря. Скажіть мені, хто з вас бачив прекрасну графіку Шевченка? Хто в захопленні завмирав, дивлячись на «рембрантове світло» в картині «Киргизеня»? Чи на «Місячну ніч на Косаралі», де фактура та напівтони так по-гогенівськи гіпнотизують тебе, так медитативно, як полотна японських графіків, і в той самий час так по-українськи! Насолодитись цими шедеврами можна тут http://taras-shevchenko.com.ua/, але все ж варто прийти і побачити їх наживо.</p><p><strong>Катерина Білокур</strong></p><p>Навіть маніакальне бажання радянського режиму на всьому, що якось до нього причетно, поставити штамп «Зроблено в СРСР» не змогло нічого зробити після виставки в Парижі 1954 року - їм залишилося лише аплодувати. Там українська мисткиня Катерина Білокур вперше отримала міжнародне визнання - закордоном  її роботи вражали визнаних метрів мистецтва. Саме про неї Пабло Пікасо скаже:<em> "Якби ми мали художницю такого рівня майстерності, то змусили б заговорити про неї цілий світ!". </em>В той час рідні батьки вважали її бідуватою, соромились і не розуміли її таланту. Славетна українка народилася в селі Богданівка Полтавської області і свою «науку» вивчала самостійно. Хоч Катерина і не отримала професійної освіти, її роботи такі ж прекрасні, як натюрморти голландських живописців, в яких навчався весь світ. Не шкодуйте свого часу, аби познайомитись із магією полотен художниці.  </p><p><strong>Іван Марчук</strong></p><p>Неможливо написати статтю про наукових геніїв 20 ст без імені Альберта Ейнштейна, так само як про український живопис без згадки про Івана Марчука. Іван, мабуть, єдиний український художник, якого сьогодні закордоном знають більше, ніж в Україні Тараса Шевченка.Його ім''я внесено до списку сотні видатних людей нашого часу, складеного міжнародною консалтинговою компанією Creator Synectics. </p><p>Марчук Іван Степанович народився 12 травня 1936 року в селі Москалівка, на території сучасної Тернопільської області.Як людина талановита, в радянські часи художник зазнавав утисків. Ставити свою творчість на службу нелюдській сірій системі Марчук не хотів, тому режим усіма можливими засобами намагався позбавити творця аудиторії. У 60-ті роки минулого століття творчість Марчука була під забороною, йому створювалися непридатні для творчості умови, полотна на виставках не демонструвалися.Незважаючи на багаторічну працю і очевидну наявність таланту у Марчука, до 1988 року Спілка художників не визнавала творчість живописця. Прийняти художника до своїх лав профспілка не бажала, хоча виставки його полотен з успіхом проходили в різних містах СРСР. У 1979 і 1980 роках картини Марчука навіть були продемонстровані на виставках в Москві. Тільки в 1988-му, коли Радянський Союз доживав останні роки, творчість його формально визнали і прийняли до Спілки художників УРСР.</p><p>Полотна Марчука демонстрували близько 150 монографічних виставок, а також більш ніж 50 колективних експозицій. Частими гостями картини творця є у виставкових залах Литви, Німеччини, Польщі та величезної кількості інших країн. На виставках картини викликають незмінне здивування не тільки у мистецтвознавців, а й у звичайних поціновувачів образотворчого мистецтва, які сприймають полотна виключно на емоційному рівні. </p><p>Навіть живучи закордоном (Австралія, потім США), художник малював українські пейзажі з дивовижною точністю. Пояснює таку здатність сам Марчук тим, що Україна завжди знаходиться у нього в душі і в голові. Під впливом туги за Україною художник створив цілу серію пейзажів з українськими ночами, які називає напрочуд гарними.</p><p><strong>Козюк Володимир</strong></p><p>Хоча доба імпресіонізму минула й у Булонському лісі, певно, вже нема тих дерев, які малювали на першому в історії пленері ніким незнані Моне, Ренуар та Базель, однак імпресіонізм живіше всіх живих. Я обожнюю імпресіонізм у всіх його напрямках, тому не можу оминути постать Володимира Козюка.</p><p>Володимир є одним із найвизначніших адептів стилю і справжнім проповідником пленеру. Він абсолютний рекордсмен серед прихильників роботи на свіжому повітрі і працює надзвичайно швидко. Всі свої роботи він закінчує ще на пленері, не домальовуючи їх в студії. Хто вважає, що так легко намалювати те, що прямо перед тобою, нехай спитає в Сезана про гору Сент Віктура - той малював її понад 40 разів, в надії зловити ту саму «чарівну мить». </p><p>Володимир не лише художник, а й меценат, громадський діяч, автор книг про Вінничину та справжній патріот свого краю. Його пейзажі - наче екскурсія в чарівний світ ландшафтів вінницького Поділля. </p><p>Стиль Козюка тікучий та гнучкий, як Південий Буг. Художник постійно змінюється, шукає, говорить різними «діалектами» своєї прекрасної «мови».  </p><p><strong>Анна Петушинська</strong></p><p>Мистецтво не стає великим через популярність того чи іншого художника - воно вже було таким з  моменту, коли в серці митця спалахнув вогонь творіння.  Безліч митців  сьогодні працюють та страждають за визнання і право бути почутими. Здобуття цього права перетворилося на окремий вид бізнесу . Тому я закливаю всіх знайомитись із творами молодих українських художників.</p><p>Нещодавно я відкрив для себе творчий світ молодої української  мисткині Анни Петушинської. Відкрив зовсім випадково, коли Анна прийшла до нас в Фундацію працювати дизайнером. Я поцікавився її портфоліо і був невимовно вражений.  Анна створює роботи в графіці, живописі та інсталяції. Її полотна надзвичайно промовисті, сучасні, але в той самий час вони досяжні для інших.  Технічно та стилістично її роботи дуже професійні, в них відчутно вплив і Матіса, і Ворхола, і Марчука, і навіть «російського авангарду». Лейтмотивом робіт художниці є всесвіт сучасної жінки: її життя, душа, місце в світі, її сутність. І вони справді вражають. Познайомитися з картинами Анни можна тут - http://p-ann.com/uk/gallery/?noredirect=uk_UA</p>'),
(238, 41, 'en', '', '', ''),
(239, 41, 'sk', '', '', ''),
(240, 41, 'pl', '', '', ''),
(241, 41, 'hu', '', '', ''),
(242, 41, 'ro', '', '', ''),
(243, 42, 'uk', 'КУЛЬТУРНИЙ МАЙНІНГ. "​Про заходи у нашому місті розповість «Наше місто»"', 'Команда-учасниця проекту «Культурний майнінг» сворила перший інформаційний центр у місті Курахове.', '<p>Уявіть собі наступну картину: у перших числах місяця у місто приїжджає театральна трупа на гастролі, всередині місяця відбувається чемпіонат по футболу серед юніорів, а вкінці – відомий письменник презентує свою нову книгу. І, з майже тридцяти тисяч містян, про ці події знає лише четверта частина населення. Така історія не з чуток відома нашим наступним героям – команді-учасниці проекту «Культурний майнінг» з міста Курахове.</p><p>На відстані 15 км від райцентру міста Мар’їнка розташоване місто енергетиків – Курахове, в якому проживає 21601 осіб, а також тимчасово переміщенні особи - 11000 осіб. Територільною особливістю міста є досить значна частина приватного сектору, який налічує більше 3000 приватних домогосподарств, у яких проживає понад 5000 населення та м-ну Южний - приблизно 6000 осіб.</p><p>Про своє місто учасники розповідають наступне: <em>«</em><em>У нас добре працюють: Курахівський центр культури і дозвілля,</em><em>часто запрошують на гастролі театри та музичні колективи, цирк. Працює КЗ «Спорт для всіх» за п''ятьма напрямками: футбол, волейбол, плавання, вітрильний спорт, кікбоксинг, який проводить до 45 турнірів різних рівнів, комунальні підприємства, які надають важливі для мешканців послуги</em><em>»</em>. Головна проблема незначної кількості відвідувачів міських заходів, на думку команди,у тому, що жителі міста належним чином не проінформовані. </p><p>Дослідивши дану проблему, учасники виявили, що більшість  мешканців  приватного сектору не підключені  до кабельного телебачення та мережі Інтернет, які використовує міська влада для інформаційного зв''язку з населенням. Місцеві друковані ЗМІ та місцеве телебачення відсутні. Єдиним джерелом зв''язку з громадскістю є офіційний веб-сайт міської ради та сторінка у Фейсбук. Це допомагає, але і ці джерела використовуються, на жаль, невеликою кількістю людей.</p><p><em>«Представляючи інформаційний центр «Наше місто» на проекті «Культурний майнінг», ми ставили перед собою кілька основних цілей: підвищити рівень поінформованості населення про події у місті; підвищити </em><em>громадську активність </em><em>та соціальну відповідальність мешканців Курахове; спонукати наших мешканців до свідомої участі в міських подіях та заходах, а також розширити географію, спектр та якість інформаційних продуктів, орієнтованих на потреби населення різних соціальних та вікових </em><em>груп» - </em>розповідає керівниця проекту Коновалова Світлана Володимирівна.</p><p><img src="/uploads/news/img6293-73460dab06.jpg"></p><p>Отримавши на проект «Інформаційний центр «Наше місто» грант у розмірі 45 000 гривень, команда з Курахова розпочала діяльність міського інформаційного центру. Учасники провели першу тестову активність друку буклетів, залучили волонтерів та партнерів в обличчі громадських організацій і міської ради, котрі надалі делегуватимуть інформативний перелік заходів у місті. У найближчих планах команди співпраця у системі трьохсторонньої взаємодопомоги: влада, громадські організації і, безпосереднє, залучення бізнесу.</p><p><em>«Ми сподіваємося, що даний проект</em><em>сприятиме не лише соціальному і економічному розвитку міста, підвищенню інвестиційної конкурентоспроможності та інвестиційної привабливості, міжнародного співробітництва, а також допоможе створенню постійно <br> діючої системи підтримки стабільного розвитку малого та середнього бізнесу», - </em>ділиться команда. Адже, впевнені учасники «Культурного майнінгу», покращення комунікації між владою і громадою не може не нести позитивних змін.</p>'),
(244, 42, 'en', '', '', ''),
(245, 42, 'sk', '', '', ''),
(246, 42, 'pl', '', '', ''),
(247, 42, 'hu', '', '', ''),
(248, 42, 'ro', '', '', '');
INSERT INTO `news_i18n` (`id`, `news_id`, `language`, `title`, `short`, `text`) VALUES
(249, 43, 'uk', '​Туристичний Старобільськ', 'Команда проекту «Культурний майнінг» із Старобільська втілює ідею - зробити своє місто туристичним центром Луганської області.', '<p>Старобільськ – це історичне місто 1686 року заснування. Будівництво за ці роки ніяк не сприяло, щоб історична цінність була збережена. Але при цьому, є багато історичних культурних пам’яток ХІХ-ХІХ століття.</p><p>«<em>У нашому місті проживало та живе багато людей, які були учасниками великих подій: спортсмени, письменники, поети – гордість Старобільська. Молодь не знає наших героїв. Також у різні часи Старобільськ відвідували такі видатні люди, як Гаршин, Ільф і Петров (є запис у книзі «12 стільців»), Нестор Махно. Монастир та храми мають історичну архітектурну цінність. Є все, що приваблювало б туристів, але туристичного напрямку у місті немає», - </em>розповідає учасник команди та керівний проекту «Тематичне декорування міста», Роман Білоус. </p><p>Аби привернути увагу туристів та й самих містян до свого міста, на «Культурному майнінгу» команда із Старобільська представила проект, на який отримала грант у розмірі 60 000 гривень.</p><p>Перелік необхідний змін склався із наступних позицій: по-перше, розмалювати сірі стіни у місті в стилі street-art; по-друге, створити унікальний мурал, ескізом якого буде малюнок жителя міста; по-третє, створити декілька зон відпочинку у різних стилях та доповнити міський парк відпочинку стилізованими лавками і топіаріями. І на завершення - створити першу в Україні Street-Art студію.</p><p><img src="/uploads/news/img9843-8db337dfee.jpg"></p><p>У рамках проекту «Тематичне декорування міста» бетонні сірі стіни Старобільська заграли яскравими барвами. Варто відмітити, що важливими позитивними функціями як і street-art, так і муралів є підвищення привабливості, естетизація міського простору: кольорові малюнки оживлюють одноманітні простори типової забудови у житлових масивах та індустріальних промзонах. Такі зображення на великих будинках роблять їх більш комфортними і дружніми для візуального сприйняття. Мистецтво стає дедалі ближчим до людей &mdash; тепер аби долучитися до прекрасного, не треба йти в музеї. Інколи достатньо вийти на вулицю чи просто з вікна глянути на будинок навпроти. Україна в цьому вже не поступається Європі. І не лише Київ, а тепер і Старобільськ є цьому доказ.</p><p><img src="/uploads/news/img9848-5fdb939de2.jpg"></p><p><em>«Користь від нашого проекту має бути всьому населенню Старобільська. Тому, що красиве місто - це гордість. Казна почне поповнюватися у зв’язку з тим, що спочатку почнуть приїжджати люди з других районів, потім областей. Туристам буде цікаво побачити де сплітаються три століття. Розвиватиметься малий та середній бізнес», - </em>запевняють учасники команди і розповідають, щогеографія проекту поширюється на все місто, тобто, це і центральна площа, і парк культури та відпочинку, і спальний район. У рамках проекту, на майбутнє, у планах команди розфарбувати також і приватний сектор.</p>'),
(250, 43, 'en', '', '', ''),
(251, 43, 'sk', '', '', ''),
(252, 43, 'pl', '', '', ''),
(253, 43, 'hu', '', '', ''),
(254, 43, 'ro', '', '', ''),
(255, 44, 'uk', '#рекомендації від Павла Горба. Українське кіно', 'У нашій постійній рубриці "рекомендації" менеджер культурного напрямку Павло Горб розкаже про українських фільми, які здивують кожного.', '<p>Найпотужнішим рушієм сучасної масової культури є кіно. Більшість наших стереотипів та цінностей народжених химерною «масовою думкою», насправді, є ніщо іншим як впливом кіно і телебачення.</p><p>  Українське кіно завжди перебувало в тіні радянського, а точніше, російського кінопродукту. Однак, останнім часом ця креативна індустрія добре показала свою кінонезалежність. Українське кіно зросло на плечах митців та ентузіастів, воно значно складніше і більш філософське, ніж популярні зарубіжні картини. Україна змінюється, українці  дорослішають, вилізають із пісочниці зарубіжних фільмів і нарешті починають звертати увагу на вітчизняне кіномистецтво.</p><p>Я пропоную Вам невелику добірку українських фільмів, які варті Ваших часу та уваги.</p><p><strong>«</strong><strong>Г</strong><strong>амер» ( 2012), реж. Олег Сєнцов.</strong></p><p>Мабуть, усі українці знають про тяжку боротьбу політичних в’язнів кремля та про режисера Олега Сенцова. Свій творчий дебют Олег розпочав із фільму під назвою «Гамер».</p><p>  Фільм розповідає про підлітка гемера, чи то пак кібер-спортсмена, на прізвисько Льоша Косс, що живе у Сімферополі разом із матір’ю. Його не цікавить нічого, крім кількості набитих фрагів<a href="#_ftn1">[1]</a> та рівня його APM<a href="#_ftn2">[2]</a>. Як справжній «спортсмен» він дуже серйозний, весь час витрачає на гру, кидає навчання і максимально «інвестує» у свою кібер-спортивну кар’єру. Льоша ніколи не посміхається. Мета підлітка - стати кращим, кращим серед усіх на планеті. І такий   шанс йому випадає. Льоша їде на  міжнародний геймерський турнір у Лос-Анджелес, але посідає 2 місце. Не зважаючи на високий результат, він залишається розчарований,  але не у собі, а у віртуальних сенсах, на які витрачав своє дитинство. Приїхавши додому, головний герой позбувається всього свого «геймерського заліза» і нарешті вперше посміхається за весь фільм.</p><p>Фільм було високо оцінено міжнародною кінокритикою. Іронічним є те, що саме в Росії фільм отримав свою кінонагороду на фестивалі «Дух Вогню» у м. Ханти-Мансійськ.</p><p><strong>«Хліб»</strong><strong> (1929), реж. Микола Шпиковський.</strong></p><p>Цей фільм став справжнім відкриттям історії українського кіно. Він був заборонений і не вийшов на екрани в 20-х роках. Вперше його показали  для вузького кола кінознавців тільки  в 70-х рр.  Після реставрації картини, 2013 року відбулась прем’єра фільму в Україні, Росії, Італії. Фільм простою мовою розповідає історію часткової колективізації в Україні доби «воєнного комунізму» початку 20-х років. Прості і зрозумілі образи та характерні для доби портрети героїв, конструктивістські пейзажі, нестримний ритм фільму та авангардний, для свого часу, монтаж, ставлять цей фільм поруч із картинами  «Арсенал» та «Земля» Довженка.</p><p><strong>«Довгі проводи» (1972), реж. Кіра Муратова</strong><strong>.</strong></p><p><strong></strong>Одна з перших самостійних режисерських робіт Кіри Муратової. Історія любові матері та сина, який невблаганно дорослішає і готовий вже покинути дім. За інфантильністю та екзальтованістю мати пробує приховати страх залишитись самій. Це один із перших фільмів авторського кіно, заборонений за «буржуазное разложенчество», у якому вперше в українському кіно були поставлені екзистенційні проблеми через хворобливе відчування невблаганності часу. Людина ж показана з усіма слабкостями та ваганнями, яким не було місця доти в українському кінематографі, у якому, через глорифікацію труда, все індивідуальне було поглинуто машиною та тоталітарним держапаратом.</p><p><strong>«Моя бабуся Фанні Каплан»  (2016), реж. Олена Дем’яненко.</strong></p><p>Це картина про закохану жінку Фанні Каплан, яку в 1918 році звинуватили у замаху на життя Леніна. Каплан це, мабуть, один з найвідоміших міфів радянської пропаганди. Але фільм звісно трошки про інше, тут історія має зовсім інше забарвлення.  Коли у 1993 році зі справи Каплан нарешті зняли гриф «Цілком таємно», виявилось, що у документах вирвані десятки сторінок. Чи була Каплан винна у злочині, що приніс їй таку знаменитість? Фільм не дає прямих відповідей. Він є лише  списком запитань та припущень, де образи з життя Каплан стають не лише центром фільму, але й метафоричним  втіленням трагічних, абсурдних та потворних реалій жовтневого перевороту.</p><p>Фільм Олени Дем’яненко було включено у шортліст картин Європейської кіноакадемії.</p><div><br>  <p><a href="#_ftnref1">[1]</a> Фраг -  очко за знищеного ворога в грі</p>  </div><p><a href="#_ftnref2">[2]</a> APM – actionsperminute,  середньостатистична кылькысть команд що гравець робить в гры на хвилину, вперше з’явилося в грі StarCraft</p>'),
(256, 44, 'en', '', '', ''),
(257, 44, 'sk', '', '', ''),
(258, 44, 'pl', '', '', ''),
(259, 44, 'hu', '', '', ''),
(260, 44, 'ro', '', '', ''),
(261, 45, 'uk', 'Перша блогосфера учасників проекту "Відкривай Україну"', 'Команда «UaBand» - учасниця освітнього проекту «Відкривай Україну» отримала премію ВідеоЖари 2018 – блогосферу та сертифікати на навчання по відеоблогінгу від AIR.', '<p>На початку травня 2018 року преміум партнер YouTube - AIR - YouTube MCN <span style="background-color: initial;">та освітній проект «Відкривай Україну» оголосили про партнерство, засноване на спільних цінностях і запустили конкурс для команд-учасниць освітнього проекту «Відкривай Україну».</span></p><p>З 8-го по15-те травня 2018 року команди «Відкривай Україну», що реалізували міський проект та мали відеоролик – звіт своєї роботи, змагалися за головний приз від AIR - YouTube MCN - квитки на Відеожару та сертифікат на навчання по відеоблогінгу.</p><p>У фінал потрапили три команди: «Стрийські Єноти» м. Стрий,  «UABand» м. Токмак (смт. Чернігівка)та «Генератори ідей» м. Жидачів. Протягом двох тижнів за команди тривало голосування, де інтернет-користувачі обирали найкраще відео. За результати голосування та найбільшої кількості набраних голосів переможцями стали учасники команди "UABand" м. Токмак (смт. Чернігівка) з відеороликом, який підлітки зняли на камеру GoPRO - <a href="https://www.youtube.com/watch?v=Sy9_34VwD5U">https://www.youtube.com/watch?v=Sy9_34VwD5U</a>.</p><p>Команда-переможниця отримала квитки на фестиваль ВідеоЖара 2018. Третій, найбільший в Україні міжнародний фестиваль, присвячений культурі відеоблогінгу, який відкриває двері в глобальний світ медіа-блогінгу. А також сертифікати на навчання по відеоблогінгу від AIR!</p><p><img src="/uploads/news/35063621177284768608758587076759-fcec49cc93.jpg"></p><p>І хоч учасники «UABand»не змогли потрапити на сам івент, представник освітнього проекту «Відкривай Україну» Володимир Кравчук отримав нагороду від їхнього імені. Тепер блогосфера разом із сертифікатами на навчання помандрує в смт. Чернігівка до команди. Самі ж підлітки вже зовсім скоро пройдуть навчання по відеоблогінгу і дізнаються наступне:</p><ul> <li>Хто і як заробляє на YouTube в Україні і світі;</li><li>Створення сценарію і експромт;</li><li>Фішки для втримання уваги глядача;</li><li>Лайфхаки для початківців;</li><li>Вибір техніки. Як знімати на смартфон;</li><li>Налаштування камери і освітлення;</li><li>Запис звуку та багато іншого.</li></ul>'),
(262, 45, 'en', '', '', ''),
(263, 45, 'sk', '', '', ''),
(264, 45, 'pl', '', '', ''),
(265, 45, 'hu', '', '', ''),
(266, 45, 'ro', '', '', ''),
(267, 46, 'uk', 'Команда «Shake» здійснює мрію!', '​Переможці освітнього проекту «Відкривай Україну» команда «Shake» з міста Мала Виска, в рамках місцевого конкурсу, отримали міні-грант у розмірі 50 000 гривень на реалізацію свого проекту «Місто мрії на деревах».', '<p>У понеділок 11 червня в сесійній залі Маловисківської міської ради, в рамках проведення Конкурсу міні-проектів розвитку Маловисківської об’єднаної територіальної громади «Майбутнє громади в наших руках» на 2018 рік, відбулося засідання комісії з приводу розгляду конкурсної документації. Автори проектів презентували комісії свої бачення у вирішенні проблемних питань жителів території та говорили про перспективи і позитив від втілення їх задумів у життя.</p><p>Команда учнів з м. Мала Виска&nbsp;«Shake»&nbsp;презентувала свій проект&nbsp;«Місто мрії на деревах». Даний проект - це реалізація дитячої мрії про свій креативний простір для молоді, де кожен може відчути себе собою. А точніше - створення трьох тематичних будиночків на деревах.</p><p>Команда ввійшла в четвірку фіналістів і отримала 50 000 грн на реалізацію проекту. Проте, цієї суми недостатньо для побудови всіх будиночків та облаштування прилеглої території. Нині учасники команди «Shake» продовжують активний пошук всіх необхідних ресурсів. Щоб допомогти підліткам здійснити свій задум пропонуємо переглянути їхнє відео&nbsp;-&nbsp;<a href="https://www.facebook.com/100010287106989/videos/643057999380431/.">https://www.facebook.com/100010287106989/videos/64...</a>.</p><p>Реквізити для здійсненні мрії:&nbsp;5168 7573 6726 4753 - Панченко Софія Василівна.&nbsp;За детальної інформацією: oleksandra21yancenko@gmail.com.</p><p>&nbsp; &nbsp; &nbsp; &nbsp; &nbsp; &nbsp; &nbsp; &nbsp; &nbsp; &nbsp;<img src="/uploads/news/35143389390559954774693876003844-c672f87557.jpg"></p><p>Нагадаємо, завдяки проекту&nbsp;«Місто мрії на деревах»&nbsp;команда «Shake» стала переможницею освітнього проекту «Відкривай Україну» і виграла навчально-ознайомчу поїздку у Європу.</p>'),
(268, 46, 'en', '', '', ''),
(269, 46, 'sk', '', '', ''),
(270, 46, 'pl', '', '', ''),
(271, 46, 'hu', '', '', ''),
(272, 46, 'ro', '', '', ''),
(273, 47, 'uk', 'Маловисківську команду «Shake» прийматиме Литва.', 'Переможці освітнього проекту "Відкривай Україну", команда "Shake" з міста Мала Виска, у серпні 2018 року відправляться у навчально-ознайомчу подорож у Литву.', '<p>Стало відомим перше європейське місто, яке відвідає команда-переможниця освітнього проекту «Відкривай Україну» «Shake» з міста Мала Виска. У серпні 2018 року підлітки поїдуть у місто Каунас (Литва). Школярі візьмуть участь в інтерактивній тижневій&nbsp;не-конференції за участю підлітків з України та Литви, впродовж якої учасники дізнаються, як зменшити насилля у своєму середовищі (буллінг), отримають навички ненасильницького спілкування, розроблять власні пропозиції щодо популяризації прийняття різноманіття у своїх громадах та створять власні проекти влаштування молодіжних хабів - простору для укріплення міжкультурних зв''язків та просування гуманістичних цінностей.</p><p>1 травня 2018 року у м. Києві відбулося засідання Комітету Ради обмінів молоддю України та Литви .</p><p><strong>Від Української сторони у засіданні Комітету взяли участь:</strong></p><p>Микола Мовчан – Голова Ради обмінів молоддю України та Литви, Голова Української частини Комітету, заступник Міністра з питань європейської інтеграції;</p><p>Ігор Жовква – член Української частини Комітету, керівник Головного департаменту зовнішньої політики та європейської інтеграції Адміністрації Президента України;</p><p>Юрій Юзич – член Української частини Комітету, член української частини Комітету Ради, головний експерт групи "Молодіжна політика" Реанімаційного пакету реформ.</p><p><strong>Від Литовської сторони у засіданні взяли участь:</strong></p><p>Ейтвидас Бінгеліс – Голова Литовської частини Комітету, заступник Міністра соціального захисту та праці Литовської Республіки;</p><p>Аста Андріяускєне – член Литовської частини Комітету, начальник відділу України та Молдови департаменту Східноєвропейської політики Міністерства закордонних справ Литовської Республіки;</p><p>Інгріда Куткєне – член Литовської частини Комітету, Радник відділу міжнародних та європейських питань Секретаріату Уряду Литовської Республіки;</p><p>Йозас Мельджукас – член Литовської частини Комітету, головний Радник департаменту у справах молоді при Міністерстві соціального захисту та праці Литовської Республіки.</p><p>Під час чергового засідання Комітету було визначено переможців конкурсу заявок 2018 року у рамках здійснення обмінів молоддю України та Литви. Фундація соціальних інновації «З країни в Україну» разом із партнером - Міжнародною фундацією «Допоможи молодим» (HELP YOUNG FOUNDATION) подали заявку на участь в обмінах молоддю України та Литви до Мінмолодьспорту. Спільний проект «Юні амбасадори толерантності» виграв грант у розмірі 263 538 тисяч гривень. Саме завдяки цьому проекту стала можливою реалізація першої, з трьох запланованих, поїздки у Литву. Ми вдячні нашим партнерам та раді вітати команду «Shake» з новим викликом у саморозвитку.&nbsp;</p>'),
(274, 47, 'en', '', '', ''),
(275, 47, 'sk', '', '', ''),
(276, 47, 'pl', '', '', ''),
(277, 47, 'hu', '', '', ''),
(278, 47, 'ro', '', '', ''),
(279, 48, 'uk', '"Аврора 2018", або люди, на яких "тримається наш світ".', 'Український журналіст Юрій Марченко про перебування на міжнародній гуманітарній ініціативі "Аврора 2018" для сайту Фундації соціальних інновацій "З країни в Україну" та про найгуманніший захід у світі.', '<p style="text-align: justify;">На початку червня 2018 року український журналіст, головний редактор інтернет-видання Platfor.ma, Юрій Марченко відвідав міжнародну гуманітарну ініціативу «Аврора» у Єревані. Написавши проникливий пост на своїй сторінці у Facebook, медійник захопив нас розповісти якомога більшій кількості українців про цей унікальний захід.</p><p style="text-align: justify;"><em>«</em><em>Це дійсно неймовірна атмосфера. Коли ти серед таких людей у дивовижному місці, коли всі навколо не просто на словах, а реально змінюють світ на краще, то це вражає. Під час Майдану чимало людей приблизно однаковими словами говорили, що вони закохалися у свою країну та її людей. На «Аврорі» я відчув щось подібне. Нібито немає обмежень, немає кордонів, є тільки планета, люди та бажання зробити все це хоч трішечки кращим</em>», - поділився&nbsp;журналіст із Фундацією соціальних інновацій "З країни в Україну".&nbsp;Про враження з перших уст читайте у заключній частині статті, а поки ми розкажемо Вам про саму ініціативу та механіку її дії.</p><p style="text-align: center;"><strong>«АВРОРА»&hellip; А ВИ ЗНАЄТЕ, ЩО ЦЕ?</strong></p><p style="text-align: justify;">До сторіччя пам’яті про Геноцид вірмен 1915-1923 років, у 2015 році філантропи Вартан Грегорян, Нубар Афеян і Рубен Варданян заснували міжнародну гуманітарну ініціативу «Аврора». Проект створений від імені всіх тих, хто вижив під час Геноциду і, в знак подяки їхнім рятівникам, прагне дати сучасним героям можливість надалі допомагати, продовжуючи тим самим глобальну естафету добра. Гуманітарна ініціатива розрахована на вісім років (з 2015 по 2023 рік). Вона підтримує і просуває глобальні проекти, творці яких, з ризиком для себе, рятують найуразливіших членів нашого суспільства. Цей задум реалізовується через програми Гуманітарної ініціативи «Аврора»: Премію «Аврора», Діалоги «Аврора», Гуманітарний індекс «Аврора», Проекти подяки та Ініціативу 100 LIVES.</p><p style="text-align: justify;">«Аврора» привернула більше 300 нових соратників і партнерів, створюючи глобальний рух, мета якого - надихнути кожного з нас захищати людство і рятувати життя. До відбіркової комісії премії входять високопоставлені особи з усього світу, а програми «Аврори» охоплюють всі континенти. Спільно з іншими проектами, «Аврора» допомагає рятувати життя людей більш ніж в 12 країнах на п''яти континентах.</p><p style="text-align: justify;">У 2015 році три однодумці вирішили віддати данину пам''яті жертвам Геноциду вірмен, так зародилася «Аврора», про яку співзасновники говорять наступне: <em>«Ми вдячні за можливість вшанувати пам''ять наших предків і їх рятівників. Ініціатива розповідає світу про найжахливіші злочини проти людяності, де б вони не відбувалися, і вшановує тих, хто намагається вирішити гуманітарні проблеми і змінити ситуацію на краще, незважаючи на величезний ризик для власного життя. Не дивлячись на всі жахи, які довелося пережити нашій країні, Вірменія зуміла домогтися процвітання. Сьогодні вона перетворюється в один із світових гуманітарних центрів, де аналізують проблеми і обговорюють способи їх вирішення, мотивуючи людей не бути байдужими до страждань інших».</em></p><p style="text-align: justify;">Щоб віддати належне сучасним героям і їх винятковому внеску в справу порятунку людських життів у критичних ситуаціях, а також просуванню ідеї гуманізму, щорічно, в рамках ініціативи, присуджується грошова винагорода - Премія «Аврора». Цьогоріч церемонія вручення премії «Аврора» - 2018, Діалоги «Аврора» та інші заходи пройшли у Вірменії з 8 по 10 червня 2018 року. Провідні філантропи, вчені, гуманітарні та державні діячі, правозахисники, журналісти і бізнесмени всього світу зібралися разом, щоб віддати належне кращим представникам людства і спонукати всіх до дій, спрямованих на розв''язання найбільш нагальних гуманітарних проблем. Кульмінацією трьох днів стало вручення третьої щорічної премії «Аврора» у розмірі 1,1 млн доларів. Переможець отримав 100 тисяч доларів, а також унікальну можливість продовжити благодійну естафету, номінувавши організації, які надихнули його самого на гуманітарну діяльність, розділивши між ними грант у розмірі 1 млн доларів.</p><p style="text-align: center;"><strong>ІСТОРІЯ ТРІЙКИ ЛАУРЕАТІВ ЦЬОГОРІЧНОЇ ПРЕМІЇ&nbsp;«АВРОРА»...</strong></p><p style="text-align: center;"><strong></strong><img src="/uploads/news/humanitarians1200x480-8ec7730085.jpg" style="background-color: initial;">&nbsp; &nbsp; &nbsp; &nbsp; &nbsp; &nbsp; &nbsp; &nbsp; &nbsp; &nbsp; &nbsp; &nbsp; &nbsp; &nbsp; &nbsp; &nbsp; &nbsp; &nbsp; &nbsp; &nbsp; &nbsp; &nbsp; &nbsp; &nbsp; &nbsp; &nbsp; &nbsp; &nbsp; &nbsp; &nbsp; &nbsp; &nbsp; &nbsp; &nbsp; &nbsp; &nbsp; &nbsp; &nbsp; &nbsp; &nbsp; &nbsp; &nbsp; &nbsp; &nbsp; &nbsp; &nbsp; &nbsp; &nbsp; &nbsp; &nbsp; &nbsp; &nbsp; &nbsp; &nbsp; &nbsp; &nbsp; &nbsp; &nbsp; &nbsp; &nbsp; &nbsp; &nbsp; &nbsp; &nbsp; &nbsp; &nbsp; &nbsp; &nbsp; &nbsp; &nbsp; &nbsp; &nbsp; &nbsp; &nbsp; &nbsp; &nbsp; &nbsp; &nbsp; &nbsp; &nbsp; &nbsp; &nbsp; &nbsp; &nbsp; &nbsp; &nbsp; &nbsp;(Фото:&nbsp;<a href="https://auroraprize.com/ru/aurora/detail/12993/2018-aurora-humanitarians)">https://auroraprize.com/ru/aurora/detail/12993/201...</a>)</p><p style="text-align: justify;">Ми поцікавилися у пана Марченка, якими він побачив цьогорічних лауреатів, що повертають віру у людяність:&nbsp;«<em style="background-color: initial;">Перше, що вражає – вони надзвичайно прості. Ектор Кастільо з Мексики власними силами організував притулок для десятків тисяч людей, що тікають від війн та негараздів Південної Америки. В Єревані він скромно ходив у дуже грубій рясі ченця, підперезаній звичайною мотузкою.&nbsp;</em><em style="background-color: initial;">Суніта Крішнан з Індії рятує жінок від рабства та торгівлі людьми – і вже допомогла майже 20 тис. знедолених. Надзвичайно маленька фізично – і така велика особистість. І завжди з посмішкою. Мені дуже запам’яталось, як на завершальній церемонії премії місцева дівчинка співала пісню про Єреван. Коли вона закінчила, розчулена Суніта пішла до неї, щоб обійняти. Дівчинка цього не побачила й просто попрямувала за куліси. Суніта так і бігла за нею через всю сцену, аби подякувати.&nbsp;</em><em>Юрист Чжо Ла Аун все життя намагається захищати рохінджа – відсидів за свою небайдужість 10 років у тюрмі, допоміг декільком тисячам людей. Дуже тихий, серйозний і вдумливий чоловік. Після нагородження найбільше дякував не за особисту відзнаку чи щось таке, а за те, що люди з іншого кінця світу небайдужі до страждань народності, яка живе настільки далеко», -</em> розповідає журналіст. А ми познайомимо Вас із цими великими особистостями ще більш тісніше.</p><p><strong></strong></p><p style="text-align: justify;"><strong>Ектор Томас Гонсалес Кастільо</strong> – чоловік, який врятував 50 тисяч мігрантів, ризикуючи власним життям. На кордоні Мексики і Гватемали є невелике місто Теносіке, де знаходиться притулок для мігрантів La 72, який у 2001 році заснував Ектор Томас Гонсалес Кастільо, монах-францисканець. Організація захищає тих, хто біжить від насильства і нестерпного життя у Мексику або через неї. Там мігрантам надається дах, їжа, вода, а також юридична підтримка. У притулку людей оглядають лікарі, з ними розмовляє психолог.&nbsp;Свою назву притулок отримав у 2010 році після різанини в мексиканському місті Сан-Фернандо, коли члени наркокартелю вбили 72 мігранта з Центральної Америки - 58 чоловіків і 14 жінок - і кинули їх останки на ранчо. Вижили тільки троє. Вбивство сталося після того, як мігранти відмовилися працювати на бандитів і не змогли заплатити за себе викуп. Завдяки притулку Томаса схожої долі уникли більше 50 тисяч чоловік.</p><p style="text-align: justify;"><strong>Суніта Крішнан</strong> – жінка, яка реабілітує жертв сексуального насильства і колишніх секс-рабинь.<em>«Я відчуваю гнів при думці про те, що тисячі, мільйони дітей і молодих людей страждають від сексуального насильства, але люди про це мовчать»,</em> - говорить індійська правозахисниця Суніта Крішнан, яка створила одну з найбільших некомерційних організацій в світі з тих, що борються проти сексуальних злочинів. Суніті було 15 років, коли її зґвалтувало 8 чоловіків. За словами Суніти, секс-рабство за масштабами займає третє місце серед усіх видів злочинності. В Індії секс-рабами стають абсолютно різні люди - це можуть бути і діти жебраків, і члени дуже забезпечених сімей, яких обдурили або примусили до проституції. Суніта каже, що 99,9% людей відмовляються займатися секс-роботою - багатьох за це вбивають, а інших примушують. І над тими, кого змушують, знущаються так, що жертвам не залишається нічого іншого, як повірити в те, що саме так і повинно бути. Завдяки роботі Суніти десятки тисяч жінок, які пережили сексуальне насильство, отримали психологічну та фінансову підтримку, професію і можливість повернутися у суспільство. Організація Суніти «Prajwala» відкрила в Індії близько 20 шкіл, де навчаються 5000 дітей з ВІЛ / СНІДом. У 2016 році Суніта удостоїлася «Падма Шрі» - четвертої вищої державної нагороди Індії.</p><p style="text-align: justify;"><strong>Чжо Ла Аун – </strong>чоловік, який говорить від імені найпригнобленішого народу. У Ракхайні, невеликому штаті М''янми, протягом тисячі років проживає народ рохінджа. Його представники розмовляють своєю мовою і сповідують іслам, тоді як основна частина населення країни - буддисти. Конфлікт навколо рохінджа має глибокі історичні корені, а починаючи з 1982 року влада відмовляється вважати представників рохінджа громадянами країни, заявляючи, що насправді вони - біженці з Бангладешу. Згідно з даними Міжнародної організації міграції, у 2017 році близько 900 000 рохінджа покинули історичну батьківщину і сховалися в Бангладеші, рятуючись від насильства, страт без суду, підпалів, групових зґвалтувань, вбивств дітей та інших жорстоких розправ.&nbsp;В останні роки ситуація загострилася як ніколи. На серйозні порушення М''янмі вказують правозахисна організація «Міжнародна амністія», ООН, США, сусідні уряди Бангладешу і Малайзії.&nbsp;Уже багато років представник рохінджа, юрист, громадський діяч і колишній співробітник «Лікарів без кордонів» Чжо Ла Аун домагається від влади М''янми визнання його народу громадянами країни. За мирні протести проти політики держави його заарештовували чотири рази, і, в цілому, він провів в ув''язненні десять років. Незважаючи на це, Чжо Ло Аун продовжує говорити від імені всіх рохінджа, розповідаючи їхню історію медіа, представникам міжнародних організацій і світовим лідерам.</p><p style="text-align: justify;"><strong>Саме адвокат Чжо Ла Аун, який бореться за права народу рохінджа в М''янмі став переможцем третьої щорічної міжнародної премії "Аврора" 2018. Лауреат отримав можливість розділити нагороду між трьома міжнародними організаціями, які надають біженцям у М''янмі медичну допомогу і підтримку. Церемонія вручення престижної премії відбулася на сході сонця 10 червня неподалік від гори Арарат.&nbsp;</strong></p><p style="text-align: justify;"><img src="/uploads/news/35472320102164968097988797896127-4fc5908bbc.jpg" style="background-color: initial;"></p><p style="text-align: center;"><strong>&nbsp; &nbsp; &nbsp; &nbsp; &nbsp; &nbsp; &nbsp; &nbsp; &nbsp; &nbsp; &nbsp; &nbsp; &nbsp; &nbsp; &nbsp; &nbsp; &nbsp; &nbsp; &nbsp; &nbsp; &nbsp; &nbsp; &nbsp; &nbsp; &nbsp; &nbsp; &nbsp; &nbsp; &nbsp; &nbsp; &nbsp; &nbsp; &nbsp; &nbsp; &nbsp; &nbsp; &nbsp; &nbsp; &nbsp; &nbsp; &nbsp; &nbsp; &nbsp; &nbsp; &nbsp; &nbsp; &nbsp; &nbsp; &nbsp; &nbsp; &nbsp; &nbsp; &nbsp; &nbsp; &nbsp; &nbsp; &nbsp; &nbsp; &nbsp; &nbsp; &nbsp; &nbsp; &nbsp; &nbsp; &nbsp; &nbsp; &nbsp; &nbsp; &nbsp; &nbsp; &nbsp; &nbsp; &nbsp; &nbsp; &nbsp; &nbsp; &nbsp; &nbsp; &nbsp; &nbsp; &nbsp; &nbsp; &nbsp; &nbsp; &nbsp; &nbsp; &nbsp; &nbsp; &nbsp; &nbsp; &nbsp; &nbsp; &nbsp; &nbsp; &nbsp; &nbsp;</strong>&nbsp;(Фото з архіву журналіста Юрія Марченка)</p><p style="text-align: center;"><strong style="background-color: initial;">ВРАЖЕННЯ УКРАЇНСЬКОГО ЖУРНАЛІСТА.</strong></p><p style="text-align: justify;"><strong><em>«Найбільше вражає відчуття того, що саме тут і саме зараз відбувається щось важливе. Що унікальні люди – декілька лауреатів Нобелівської премії миру, засновник «Лікарів без кордонів», екс-президенти та прем’єр-міністри – зібралися в одному місці, аби об’єднатись, аби надихати, аби відзначити тих, хто робить світ кращим, та домовитись, як робити це більш ефективно»,</em> </strong>- натхненно розповідає Юрій та зазначає, що в Україні є також багато людей, які дійсно заслуговують такої нагороди, до прикладу, той ж Мустафа Джемілев (<strong>Пр. ред.*&nbsp;</strong><em>політичний та громадський діяч, один із провідників кримськотатарського національного руху, правозахисник, учасник дисидентського руху, політв''язень, народний депутат України, уповноважений Президента України у справах кримськотатарського народу</em>). А ліки від найстрашнішої хвороби, якою заражена більшість населення планети  - байдужості, журналіст рекомендує шукати  в освіті: <em>«Розумна й освічена людина розуміє – краще жити тоді, коли краще всім. Не можна збудувати собі кришталевий притулок посеред страждань та бруду!».</em></p><p style="text-align: justify;"></p>'),
(280, 48, 'en', '', '', ''),
(281, 48, 'sk', '', '', ''),
(282, 48, 'pl', '', '', ''),
(283, 48, 'hu', '', '', ''),
(284, 48, 'ro', '', '', '');
INSERT INTO `news_i18n` (`id`, `news_id`, `language`, `title`, `short`, `text`) VALUES
(285, 49, 'uk', '"Відкривай Україну" на YouthDay 2018', 'YouthDay 2018 та карта майбутньої України очима молоді разом із освітнім проектом "Відкривай Україну".', '<p style="text-align: justify;">У неділю 24 червня у Парку імені Тараса Шевченка <span style="background-color: initial;">пройшов фестиваль молодіжних ініціатив&nbsp;</span>YouthDay 2018. Для відвідачів заходу організатори втілили масу активностей:  гучний концерт, виступи відомих поетів та лекторів, настільні, комп’ютерні та спортивні розваги, експозиції сучасних художників, фуд-корт, майстер-класи та тренінги. Окрім зазначеного, масштабною локацією по парку Шевченка розкинулася алея молодіжних та громадських організацій. Саме на ній <a href="https://www.facebook.com/krainaUkraina.org/?fref=mentions">Фундація соціальних інновацій "З країни в Україну"</a> продемонструвала&nbsp;<a href="https://www.facebook.com/vidkruvai.ukrainu/?fref=mentions">Освітній проект "Відкривай Україну"</a>.</p><p style="text-align: justify;">Керівниця проекту 2018-19 року Ірина Романенко та менеджерка освітнього проекту Альона Матвієнко познайомили відвідувачів із діяльністю «Відкривай Україну» та разом із учасниками заходу&nbsp;намалювали карту побажань для країни майбутнього. Більше парків та квітів, усміхнені люди, подорожі, шкільні уроки, котрі навчають долати страхи, здорова та відповідальна молодь, сповідування сімейних цінностей, технологічний розвиток, менше домашніх завдань у період літніх канікул, дружба між котами й собаками та навіть доступний політ у космос  - такою бачать майбутню Україну юні громадяни. </p><p><img src="/uploads/news/35522489200400909965151410354553-b210a883da.jpg" style="width: 523px;"><img src="/uploads/news/35472211200400921965150244143509-eff59c59e5.jpg" style="background-color: initial; width: 523px;"><img src="/uploads/news/36268069200401026965139743179696-d5b894d79b.jpg" style="background-color: initial; width: 479px;"><img src="/uploads/news/36188827185150482496934179107339-1c512bf211.jpg" style="background-color: initial; width: 567px;"></p><p style="text-align: justify;">А ми нагадуємо, що Освітній проект "Відкривай Україну" – це один із найбільших освітніх проектів, який вже об’єднав понад 200 українських міст і надалі продовжує масштабуватися шляхом розбудови регіональної мережі – Регіональні Центри Освітнього Проекту «Відкривай Україну». Наразі ми шукаємо Представників Регіональних Центрів Освітнього Проекту «Відкривай Україну». Ними можуть бути: профільні неприбуткові організації, молодіжні організації, ініціативні групи, вчителі, громадські активісти, випускники проекту «Відкривай Україну», тощо.</p><p style="text-align: justify;">- Якщо ТИ НЕБАЙДУЖИЙ до свого селища, міста, району регіону та країни в цілому! </p><p style="text-align: justify;">- Якщо ТИ ВБОЛІВАЄШ за підтримку та розвиток молодого покоління!</p><p style="text-align: justify;">- Якщо ТИ РОЗУМІЄШ підліткові ідеї та готовий внести свій вклад для їх реалізації!</p><p style="text-align: justify;">- Якщо ТИ ЗНАЄШСЯ на принципах неформальної та інноваційної освіти!</p><p style="text-align: justify;">- Якщо ТИ ВІРИШ в синергію маленьких дій, які призводять до великих змін!</p><p style="text-align: justify;">- Якщо ТИ активний, ініціативний, відповідальний та маєш гарні організаційні навики,</p><p style="text-align: justify;">ПОДАВАЙ заявку на учать у конкурсі регіональних представників: <a href="https://bit.ly/2M3wJSd.">https://bit.ly/2M3wJSd.</a> Відбір проходить на основі відкритого конкурсу. Дедлайн – 19 липня 2018 р. Успіхів!</p>'),
(286, 49, 'en', '', '', ''),
(287, 49, 'sk', '', '', ''),
(288, 49, 'pl', '', '', ''),
(289, 49, 'hu', '', '', ''),
(290, 49, 'ro', '', '', ''),
(291, 50, 'uk', '#рекомендації від Павла Горба. Можливості для реалізації культурного проекту. Частина I.', 'Маєте цікаву ідею щодо створення культурного проекту, або ж уже давно шукаєте ресурси на його реалізацію? Павло Горб поділиться напрацьованими джерелами грантових програм міжнародних донорів для громадських організацій.', '<p style="text-align: justify;">Я абсолютно певен, що немає важливішої справи для українців, аніж розвиток культури, особливо, креативних індустрій. Сьогодні поділюся з Вами, де можна знайти фінансування на реалізацію власних проектів. Але,&nbsp;спершу, кілька слів, чому так важливо розвивати культуру та&nbsp;що саме наразі вкрай потребує розвитку.</p><p style="text-align: justify;"> Власний якісний культурний продукт може побороти будь-якого ворога у гібридній війні, провести українізацію без регулювання держави та ще й допомогти&nbsp; заробити гроші з мінімальною інвестицією  і ризиками.</p><p style="text-align: justify;">Країни з найвищим рівнем життя мають більший відсоток ВВП, створений Культурно Креативними Індустріями, ніж інші країни світу. Так, наприклад, у Європі ККІ створює роботу більш ніж для 8 мільйонів людей, а Британія отримує від ККІ та туризму 11 млн. євро на годину.</p><p style="text-align: justify;">Культурні проекти можуть створювати не тільки представники індустрій, а й громадські організації та окремі громадяни. Тому, зробити якісний, і такий важливий для України, культурний продукт може кожен із нас.</p><p style="text-align: center;"><strong>Де взяти гроші на культурні проекти?</strong></p><p><strong></strong></p><p style="text-align: justify;">У цій частині статті будемо розглядати&nbsp;лише грантові програми міжнародних донорів для громадських організацій, але це буде цікаво і тим, хто хоче створити бізнес у сфері креативних індустрій чи культури.</p><p style="text-align: center;"><strong>1. УКРАЇНСЬКИЙ КУЛЬТУРНИЙ ФОНД&nbsp;- <a href="https://ucf.in.ua.">https://ucf.in.ua.</a></strong></p><p><strong></strong></p><p style="text-align: justify;">З 2018 року в Україні приймає заявки “Українськи Культурний Фонд”.</p><p style="text-align: justify;"><strong>Пріоритети фонду:</strong></p><p style="text-align: justify;">1. Підтримка культурних проектів на етапі їх концептуалізації, підготовки, препродакшену.<br>2. Сприяння проведенню аналітичної і дослідницької діяльності у сфері культури і мистецтв.<br>3. Сприяння впровадженню інновацій, цифрових технологій та діджиталізації у сфері культури і мистецтв.<br>4. Підтримка розвитку молодих митців та сприяння реалізації культурних і мистецьких дебютів, у тому числі сприяння професійному зростанню творчо обдарованих дітей та молоді.<br>5. Підтримка інклюзії у сфері культури та мистецтв, розширення аудиторії через залучення різних вікових та соціальних груп.<br>6. Забезпечення міжсекторальної співпраці та налагодження культурного діалогу між регіонами з метою розвитку громад, сприяння креативному розвитку малих територій України.<br>7. Залучення міжнародних партнерів до реалізації спільних ініціатив та спільне фінансування культурних проектів, у тому числі проектів, підтриманих в рамках програми «Креативна Європа», або іншими програмами ЄС.<br>8. Сприяння презентації української культури і мистецтв за кордоном, у тому числі на міжнародних заходах та виставках.<br>9. Сприяння розробці електронного інформаційного ресурсу культурної спадщини і культурних цінностей та впровадження сучасних інформаційних технологій у сферу музейної діяльності і культурної спадщини.<br>10. Сприяння розвитку освітніх ініціатив у сфері культури та мистецтв, у тому числі креативних індустрій, спрямованих на підтримку закладів мистецької освіти, підготовку і перепідготовку кадрів.<br>11. Забезпечення всебічного розвитку і функціонування української мови в усіх сферах суспільного життя на всій території України.<br>12. Сприяння збереженню культурного розмаїття.</p><p style="text-align: justify;"><strong>Сектори культури:</strong></p><p style="text-align: justify;">1. Візуальне мистецтво (живопис, графіка, мозаїка, естамп, інсталяція, плакат, літографія, муралізм, стріт-арт, ленд-арт, скульптура, фотографія, паблік-арт).<br>2. Аудіальне мистецтво (жива/відтворена музика, саунд-арт, радіо).<br>3. Аудіовізуальне мистецтво (кіно, телебачення, реклама, відео-арт, диджитал-арт, нові медіа, відеоігри, віджеїнг).<br>4. Дизайн та мода (інтер’єрів, прикладний, графічний, ландшафтний, саунд-дизайн, мода, архітектура).<br>5. Перформативне та сценічне мистецтво (театр, балет, танець, цирк, карнавал, музичні вистави (мюзикл, опера), перформанс, геппенінг).<br>6. Культурна спадщина (бібліотеки, музейна справа, архіви, ремесла, матеріальна та нематеріальна культурна спадщина).<br>7. Література та видавнича справи (книги, періодика, журнали, друковані ЗМІ, літературні фестивалі).<br>8. Культурні та креативні індустрії (фестивалі та заходи, культурні та креативні простори, креативне підприємництво, інновації).</p><p style="text-align: justify;"><strong>Фонд підтримує:</strong></p><p><strong></strong></p><p style="text-align: justify;"><strong>&nbsp;- персональні проекти<br></strong>1 заявник (має бути ФОП),<br>бюджет від 50 до 500 00 грн.,<br>надає 100% фінансування проекту,<br>прийом заявок - з 21 травня по 2 липня,<br>період реалізації проекту - з вересня до 2 грудня.</p><p style="text-align: justify;"><strong>- національної співпраці та міжнародної</strong></p><p style="text-align: justify;">1 заявник + 1 партнер з двох різних областей (Юридичні особи, ФОП, ОТГ, органи міського самоврядування),<br>бюджет від від 500 00 грн. -  1.5 млн. грн.,<br>надає 80% фінансування проекту (20% має бути співфінансування),<br>прийом заявок - з 21 травня по 2 липня,<br>період реалізації проекту - з вересня до 4 грудня.</p><p style="text-align: justify;"><strong>- проекти міжнародної співпраці</strong></p><p><strong></strong></p><p style="text-align: justify;">1 учасник з України (Юридичні особи, ФОП, ОТГ, органи міського самоврядування) + 1 учасник із за кордону (юридичні особи),<br>бюджет від від 500 00 грн. -  2 млн. грн.,<br>50% фінансування проекту (50% має бути співфінансування),<br>прийом заявок - з 21 травня по 2 липня,<br>період реалізації проекту - з вересня до 6 грудня.</p><p><strong></strong></p><p style="text-align: center;"><strong>2. ПРОГРАМА МАЛИХ ГРАНТІВ ДИПЛОМАТІЇ УРЯДУ США&nbsp;“Освіта і Культура” -  </strong><strong><a href="https://ua.usembassy.gov/uk/education-culture-uk/current-programs-grants-uk/">https://ua.usembassy.gov/uk/education-culture-uk/current-programs-grants-uk/</a>.</strong><strong></strong></p><p><strong></strong></p><p style="text-align: justify;"><strong>Пріоритети програми (КУЛЬТУРА):</strong></p><p><strong></strong></p><p style="text-align: justify;">1. Проекти, присвячені виконавському й образотворчому мистецтву, які включають музику, танець, театр, літературу, кіно, фотографію та відео, але не обмежуються ними.<br>2. Проекти, присвячені галерейним виставкам живопису, скульптури, фотографії, інших артефактів, карикатур і подібних творів.<br>3. Лекції та круглі столи, в яких беруть участь американські фахівці в галузі музики, танцю, театру, літератури, поезії, кіно, відео.<br>4. Освітні проекти з виконавського й образотворчого мистецтва, які включають музику, танець, театр, літературу, кіно, фотографію та відео, але не обмежуються ними.</p><p style="text-align: justify;">Усі проекти повинні знайомити українців з американською культурою, чи/або підкреслювати американсько-українську співпрацю у сфері мистецтва й культури. Участь американських митців активно заохочується. Перевага надаватиметься проектам, які міститимуть освітні елементи і програми допомоги соціально не влаштованим спільнотам (лекції або майстер-класи). </p><p style="text-align: justify;"><strong>Умови участі у програмі:</strong></p><p style="text-align: justify;">Заявником може бути як ГО, так і фізична особа (наявність партнерів не обов’язкова).<br>Бюджет - до 8000 доларів для фізичних осіб/ до 24000 доларів для організацій.<br>Дедлайни. Програма приймає заявки 2 рази на рік:&nbsp; з 15 грудня по 15 січня та з 15 травня по 15 червня.<br>Деталі можна дізнатись тут - <a href="https://ua.usembassy.gov/wp-content/uploads/sites/151/UKR-FY17-NOFO-Public-Diplomacy-Small-Grant-Program.pdf">https://ua.usembassy.gov/wp-content/uploads/sites/151/UKR-FY17-NOFO-Public-Diplomacy-Small-Grant-Program.pdf</a>.</p><p style="text-align: center;"><strong>3. ПРОГРАМА БРИТАНСЬКОЇ РАДИ В УКРАЇНІ "CULTURAL BRIDGES"&nbsp;- </strong><strong><a href="http://culturebridges.eu/about_program">http://culturebridges.eu/about_program</a>.</strong><strong></strong></p><p><strong></strong></p><p style="text-align: justify;"><strong>Culture Bridges –</strong> програма розвитку українського культурного сектору, яка має на меті налагодження ефективних зв''язків між митцями, культурними операторами та інституціями в Україні і ЄС. Програма стартувала у листопаді 2017 року та триватиме до жовтня 2020 року. </p><p style="text-align: justify;"><strong>Сектори культури, що фінансуються програмою:</strong></p><p style="text-align: justify;">1. Архітектура.<br>2. Архівна справа.<br>3. Аудіо візуальні мистецтва (включаючи кіно, телебачення та інші мультимедіа).<br>4. Бібліотеки та музеї.<br>5. Видавнича справа.<br>6. Візуальне мистецтво.<br>7. Дизайн.<br>8. Креативні простори та платформи взаємодії.<br>9. Література.<br>10. Матеріальна та нематеріальна культурна спадщина.<br>11. Медіа (включаючи радіо і телебачення).<br>12. Мода.<br>13. Музика.<br>14.&nbsp;Перформативні мистецтва.<br>15.&nbsp;Фестивалі.</p><p style="text-align: justify;">Програма приймає заявки 4 рази на рік та включає три гранти.</p><p style="text-align: justify;"><strong>&nbsp;- Гранти міжнародної мобільності:</strong></p><p style="text-align: justify;">Покриває витрати на міжнародні поїздки та резиденції культурних менеджерів та митців. Заявниками можуть бути фізичні особи.</p><p style="text-align: justify;"><strong>Формати поїздок, що фінансуються:</strong></p><p><strong></strong></p><p style="text-align: justify;">1. Конференції.<br>2. Мережеві події.<br>3. Фахові форуми.<br>4. Професійні стажування в культурних/креативних організаціях.<br>5. Резиденції.<br>6. Обмін досвідом та встановлення майбутніх партнерств.<br>7. Інше.</p><p style="text-align: justify;"><strong>Період поїздки</strong> -  від 1 до 4 тижнів.</p><p style="text-align: justify;"><strong>Бюджет</strong> - від 2250 до 4000 євро (80% суми виплачується попередньо, а залишок - після прийняття звіту).</p><p style="text-align: justify;"><strong>Дедлайни подачі заявок грантів міжнародної мобільності:</strong></p><p style="text-align: justify;">перший конкурс - 8 грудня,<br>другий конкурс - 2 травня,<br>третій конкурс - 5 липня,<br>четверти конкурс -  4 жовтня.</p><p style="text-align: justify;"><strong>&nbsp;- Гранти національної співпраці:</strong></p><p style="text-align: justify;">Гранти для українських інституцій, із щонайменше двох несуміжних областей України, на реалізацію спільних проектів у сфері культури та креативних індустрій.</p><p style="text-align: justify;"><strong>Проекти мають вирішувати принаймні одне із завдань:</strong></p><p><strong></strong></p><p style="text-align: justify;">1. Підвищення обізнаності про важливість культури для економічного розвитку та соціальної єдності.<br>2. Розвиток знань та спроможності діячів, що працюють у культурному та творчому секторах.<br>3.&nbsp;Стимулювання ширшої участі громадськості у культурних заходах.<br>4. Залучення недостатньо представлених або маргіналізованих груп до культурної діяльності.<br>5. Заохочення співпраці між організаціями громадянського суспільства (ОГС), організаціями державного сектору та організаціями приватного сектору, які працюють у культурному та творчому секторах.<br>6. Вивчення різноманітності та заохочення міжкультурного діалогу через культурну діяльність.</p><p style="text-align: justify;"><strong>Тривалість проекту </strong>- від 3 до 6 місяців.</p><p style="text-align: justify;"><strong>Бюджет </strong>- до 100000 євро. (80% суми гранту для співпраці виплачуватиметься попередньо, а залишок - після отримання відповідного звіту). </p><p style="text-align: justify;">Проекти можуть отримати 100% фінансування від програми, однак, співфінансування до 30% заохочується і буде оцінюватися більш високо. </p><p style="text-align: justify;">Між тим, програма не може використовуватися для отримання коштів на співфінансування інших програм ЄС, наприклад, програм "Креативної Європи".</p><p style="text-align: justify;"><strong>Дедлайни подачі заявок грантів національної співпраці:</strong></p><p style="text-align: justify;">перший конкурс - 29 грудня,<br>третій конкурс - 12 липня.</p><p><strong></strong></p><p><strong></strong></p><p><strong></strong></p><p><strong></strong></p><p style="text-align: justify;"><strong>- Гранти міжнародної співпраці:</strong></p><p style="text-align: justify;">Гранти для культурних операторів з України та країн ЄС на реалізацію спільних проектів, які сприяють обміну досвідом та ідеями між Україною та ЄС, та/або створенню нових культурних продуктів.</p><p style="text-align: justify;">Проекти мають охоплювати принаймні одне із завдань, що й проекти національної співпраці. </p><p style="text-align: justify;">За розміром проекти міжнародної співпраці поділяються на середні та великі</p><p style="text-align: justify;"><strong>Період </strong>- від 3 до 12 місяців.</p><p style="text-align: justify;"><strong>Заявники:</strong></p><p style="text-align: justify;">Ця категорія відкрита лише для партнерських заявок від двох, або більше організацій, що базуються в Україні та ЄС, а не для індивідуальних заявників. </p><p style="text-align: justify;">До проекту має бути залучена Україна та, щонайменше, одна країна ЄС.</p><p style="text-align: justify;"><strong>Бюджет:</strong></p><p><strong></strong></p><p style="text-align: justify;">За розміром проекти міжнародної співпраці поділяються на середні (до 200 000 євро) та великі ( до 500 000 євро). Фінансування надається за тими ж умовами, що і проекти національної співпраці.</p><p style="text-align: justify;"><strong>Дедлайни подачі заявок грантів національної співпраці:</strong></p><p style="text-align: justify;">перший конкурс - 29 грудня,<br>третій конкурс - 12 липня.</p><p style="text-align: justify;"><strong>Далі буде... Адже це лише частина можливостей, що є в Україні для культурних менеджерів. Згодом, Ви дізнаєтеся&nbsp;про програму Креативна Європа, Вишеградський Фонд, Ерасмус+ та інші міжнародні програми.&nbsp;</strong><strong>І пам’ятайте -  “Все починається з Культури”!</strong></p>'),
(292, 50, 'en', '', '', ''),
(293, 50, 'sk', '', '', ''),
(294, 50, 'pl', '', '', ''),
(295, 50, 'hu', '', '', ''),
(296, 50, 'ro', '', '', '');

-- --------------------------------------------------------

--
-- Table structure for table `pages_i18n`
--

CREATE TABLE IF NOT EXISTS `pages_i18n` (
  `id` int(11) NOT NULL AUTO_INCREMENT,
  `page_id` int(11) NOT NULL,
  `language` varchar(6) NOT NULL,
  `title` varchar(128) NOT NULL,
  `text` text NOT NULL,
  PRIMARY KEY (`id`)
) ENGINE=InnoDB  DEFAULT CHARSET=utf8 AUTO_INCREMENT=73 ;

--
-- Dumping data for table `pages_i18n`
--

INSERT INTO `pages_i18n` (`id`, `page_id`, `language`, `title`, `text`) VALUES
(43, 9, 'uk', 'Слайдер на главной: слайд 1', '<li class="text-center" data-transition="fade" data-slotamount="7" data-masterspeed="500"  data-thumb="" data-saveperformance="on"  data-title="">\r\n                                <!-- LAYERS -->\r\n\r\n                                <div class="tp-caption custom_theme_big customin customout start"\r\n                                     data-x="center"\r\n                                     data-y="200"\r\n                                     data-customin="x:0;y:0;z:0;rotationX:90;rotationY:0;rotationZ:0;scaleX:1;scaleY:1;skewX:0;skewY:0;opacity:0;transformPerspective:200;transformOrigin:50% 0%;"\r\n                                     data-customout="x:0;y:0;z:0;rotationX:0;rotationY:0;rotationZ:0;scaleX:0.75;scaleY:0.75;skewX:0;skewY:0;opacity:0;transformPerspective:600;transformOrigin:50% 50%;"\r\n                                     data-speed="600"\r\n                                     data-start="500"\r\n                                     data-easing="Back.easeOut"\r\n                                     data-endspeed="300"\r\n                                     data-endeasing="Power1.easeIn">\r\n                                    З країни в Україну\r\n                                </div>\r\n\r\n                                <div class="fade tp-caption custom_theme_very_small customin customout start"\r\n                                     data-x="center"\r\n                                     data-y="320"\r\n                                     data-customin="x:0;y:0;z:0;rotationX:90;rotationY:0;rotationZ:0;scaleX:1;scaleY:1;skewX:0;skewY:0;opacity:0;transformPerspective:200;transformOrigin:50% 0%;"\r\n                                     data-customout="x:0;y:0;z:0;rotationX:0;rotationY:0;rotationZ:0;scaleX:0.75;scaleY:0.75;skewX:0;skewY:0;opacity:0;transformPerspective:600;transformOrigin:50% 50%;"\r\n                                     data-speed="600"\r\n                                     data-start="500"\r\n                                     data-easing="Back.easeOut"\r\n                                     data-endspeed="300"\r\n                                     data-endeasing="Power1.easeIn">\r\n                                    Фундація соціальних інновацій\r\n                                </div>\r\n                            </li>'),
(44, 9, 'en', '', ''),
(45, 9, 'sk', '', ''),
(46, 9, 'pl', '', ''),
(47, 9, 'hu', '', ''),
(48, 9, 'ro', '', ''),
(49, 10, 'uk', 'Слайдер на главной: слайд 2', '<li class="text-center" data-transition="fade" data-slotamount="7" data-masterspeed="500" data-thumb="" data-saveperformance="on" data-title="">\r\n<!-- LAYERS -->\r\n<div class="tp-caption custom_theme_big customin customout start" data-x="center" data-y="200" data-customin="x:0;y:0;z:0;rotationX:90;rotationY:0;rotationZ:0;scaleX:1;scaleY:1;skewX:0;skewY:0;opacity:0;transformPerspective:200;transformOrigin:50% 0%;" data-customout="x:0;y:0;z:0;rotationX:0;rotationY:0;rotationZ:0;scaleX:0.75;scaleY:0.75;skewX:0;skewY:0;opacity:0;transformPerspective:600;transformOrigin:50% 50%;" data-speed="600" data-start="500" data-easing="Back.easeOut" data-endspeed="300" data-endeasing="Power1.easeIn">\r\n                                    Здоров''я\r\n</div>\r\n<div class="fade tp-caption custom_theme_very_small customin customout start" data-x="center" data-y="320" data-customin="x:0;y:0;z:0;rotationX:90;rotationY:0;rotationZ:0;scaleX:1;scaleY:1;skewX:0;skewY:0;opacity:0;transformPerspective:200;transformOrigin:50% 0%;" data-customout="x:0;y:0;z:0;rotationX:0;rotationY:0;rotationZ:0;scaleX:0.75;scaleY:0.75;skewX:0;skewY:0;opacity:0;transformPerspective:600;transformOrigin:50% 50%;" data-speed="600" data-start="500" data-easing="Back.easeOut" data-endspeed="300" data-endeasing="Power1.easeIn">\r\n                                    Перший крок до щастя\r\n</div>\r\n<div class="tp-caption customin customout start" data-x="center" data-y="360" data-customin="" data-customout="">\r\n	<a class="btn btn-default btn-sm" href="&lt;?= \\yii\\helpers\\Url::to([''/health'']) ?&gt;">Перейти</a>\r\n</div>\r\n</li>'),
(50, 10, 'en', '', ''),
(51, 10, 'sk', '', ''),
(52, 10, 'pl', '', ''),
(53, 10, 'hu', '', ''),
(54, 10, 'ro', '', ''),
(55, 11, 'uk', 'Слайдер на главной: слайд 3', '<li class="text-center" data-transition="fade" data-slotamount="7" data-masterspeed="500" data-thumb="" data-saveperformance="on" data-title="">\r\n<div class="tp-caption custom_theme_big customin customout start" data-x="center" data-y="200" data-customin="x:0;y:0;z:0;rotationX:90;rotationY:0;rotationZ:0;scaleX:1;scaleY:1;skewX:0;skewY:0;opacity:0;transformPerspective:200;transformOrigin:50% 0%;" data-customout="x:0;y:0;z:0;rotationX:0;rotationY:0;rotationZ:0;scaleX:0.75;scaleY:0.75;skewX:0;skewY:0;opacity:0;transformPerspective:600;transformOrigin:50% 50%;" data-speed="600" data-start="500" data-easing="Back.easeOut" data-endspeed="300" data-endeasing="Power1.easeIn">\r\n                                    Освіта\r\n</div>\r\n<div class="fade tp-caption custom_theme_very_small customin customout start" data-x="center" data-y="320" data-customin="x:0;y:0;z:0;rotationX:90;rotationY:0;rotationZ:0;scaleX:1;scaleY:1;skewX:0;skewY:0;opacity:0;transformPerspective:200;transformOrigin:50% 0%;" data-customout="x:0;y:0;z:0;rotationX:0;rotationY:0;rotationZ:0;scaleX:0.75;scaleY:0.75;skewX:0;skewY:0;opacity:0;transformPerspective:600;transformOrigin:50% 50%;" data-speed="600" data-start="500" data-easing="Back.easeOut" data-endspeed="300" data-endeasing="Power1.easeIn">\r\n                                    ...А КУЛЬТУРА ПОЧИНАЄТЬСЯ З ОСВІТИ\r\n</div>\r\n<div class="tp-caption customin customout start" data-x="center" data-y="360" data-customin="x:0;y:0;z:0;rotationX:90;rotationY:0;rotationZ:0;scaleX:1;scaleY:1;skewX:0;skewY:0;opacity:0;transformPerspective:200;transformOrigin:50% 0%;" data-customout="x:0;y:0;z:0;rotationX:0;rotationY:0;rotationZ:0;scaleX:0.75;scaleY:0.75;skewX:0;skewY:0;opacity:0;transformPerspective:600;transformOrigin:50% 50%;" data-speed="600" data-start="500" data-easing="Back.easeOut" data-endspeed="300" data-endeasing="Power1.easeIn">\r\n	<a class="btn btn-default btn-sm" href="&lt;?= \\yii\\helpers\\Url::to([''/education'']) ?&gt;">Перейти</a>\r\n</div>\r\n</li>'),
(56, 11, 'en', '', ''),
(57, 11, 'sk', '', ''),
(58, 11, 'pl', '', ''),
(59, 11, 'hu', '', ''),
(60, 11, 'ro', '', ''),
(61, 12, 'uk', 'Слайдер на главной: слайд 4', '<li class="text-center" data-transition="fade" data-slotamount="7" data-masterspeed="500" data-thumb="" data-saveperformance="on" data-title="">\r\n<div class="tp-caption custom_theme_big customin customout start" data-x="center" data-y="200" data-customin="x:0;y:0;z:0;rotationX:90;rotationY:0;rotationZ:0;scaleX:1;scaleY:1;skewX:0;skewY:0;opacity:0;transformPerspective:200;transformOrigin:50% 0%;" data-customout="x:0;y:0;z:0;rotationX:0;rotationY:0;rotationZ:0;scaleX:0.75;scaleY:0.75;skewX:0;skewY:0;opacity:0;transformPerspective:600;transformOrigin:50% 50%;" data-speed="600" data-start="500" data-easing="Back.easeOut" data-endspeed="300" data-endeasing="Power1.easeIn">\r\n                                    Культура\r\n</div>\r\n<div class="fade tp-caption custom_theme_very_small customin customout start" data-x="center" data-y="320" data-customin="x:0;y:0;z:0;rotationX:90;rotationY:0;rotationZ:0;scaleX:1;scaleY:1;skewX:0;skewY:0;opacity:0;transformPerspective:200;transformOrigin:50% 0%;" data-customout="x:0;y:0;z:0;rotationX:0;rotationY:0;rotationZ:0;scaleX:0.75;scaleY:0.75;skewX:0;skewY:0;opacity:0;transformPerspective:600;transformOrigin:50% 50%;" data-speed="600" data-start="500" data-easing="Back.easeOut" data-endspeed="300" data-endeasing="Power1.easeIn">\r\n                                    ВСЕ ПОЧИНАЄТЬСЯ З КУЛЬТУРИ...\r\n</div>\r\n<div class="tp-caption customin customout start" data-x="center" data-y="360" data-customin="x:0;y:0;z:0;rotationX:90;rotationY:0;rotationZ:0;scaleX:1;scaleY:1;skewX:0;skewY:0;opacity:0;transformPerspective:200;transformOrigin:50% 0%;" data-customout="x:0;y:0;z:0;rotationX:0;rotationY:0;rotationZ:0;scaleX:0.75;scaleY:0.75;skewX:0;skewY:0;opacity:0;transformPerspective:600;transformOrigin:50% 50%;" data-speed="600" data-start="500" data-easing="Back.easeOut" data-endspeed="300" data-endeasing="Power1.easeIn">\r\n	<a class="btn btn-default btn-sm" href="&lt;?= \\yii\\helpers\\Url::to([''/culture'']) ?&gt;">Перейти</a>\r\n</div>\r\n</li>'),
(62, 12, 'en', '', ''),
(63, 12, 'sk', '', ''),
(64, 12, 'pl', '', ''),
(65, 12, 'hu', '', ''),
(66, 12, 'ro', '', ''),
(67, 13, 'uk', 'Наші напрями', '<div class="section-title wow zoomIn">\r\n	<h1>ПРО НАС :)</h1>\r\n</div>\r\n<div class="blocks">\r\n<div class="col-md-4">\r\n	<div class="content-box style-seven wow fadeInLeft effect-border health-activity" style="box-shadow: inset 0 0 0 5px #587bb8;">\r\n		<h2>Місія</h2>\r\n		Створювати середовище для соціальної еволюції&nbsp;несвідомих громадян в громадянське суспільство через реалізацію ОКО-програм*&nbsp;\r\n		<br>\r\n		ОКО-програми в напрямках Освіти, Культури та\r\nОхорони здоров’я ( те, що впадає нам в ОКО)\r\n	</div>\r\n</div>\r\n<div class="col-md-4">\r\n	<div class="content-box style-seven wow zoomIn effect-border education-activity" style="box-shadow: inset 0 0 0 5px #b48abc;">\r\n		<h2>Цінності</h2>\r\n		<p>\r\n			- Віра в Україну\r\n			<br>\r\n			 - Партнерство\r\n			<br>\r\n			 - Стратегічний підхід\r\n			<br>\r\n			 - Інноваційність\r\n			<br>\r\n			 - Вікна можливостей\r\n			<br>\r\n			 - Чесність та сміливість\r\n		</p>\r\n	</div>\r\n</div>\r\n<div class="col-md-4">\r\n	<div class="content-box style-seven wow fadeInRight effect-border culture-activity" style="box-shadow: inset 0 0 0 5px #f46386;">\r\n		<h2>Візія 2020</h2>\r\n		<p>\r\n			Національна платформа платформ, яка реально впливає на гуманітарний розвиток суспільства та є об’єднавчим елементом для екосистемних рішень влади, бізнеса та громад\r\n		</p>\r\n	</div>\r\n</div>\r\n</div>'),
(68, 13, 'en', '', ''),
(69, 13, 'sk', '', ''),
(70, 13, 'pl', '', ''),
(71, 13, 'hu', '', ''),
(72, 13, 'ro', '', '');

/*!40101 SET CHARACTER_SET_CLIENT=@OLD_CHARACTER_SET_CLIENT */;
/*!40101 SET CHARACTER_SET_RESULTS=@OLD_CHARACTER_SET_RESULTS */;
/*!40101 SET COLLATION_CONNECTION=@OLD_COLLATION_CONNECTION */;
